-- phpMyAdmin SQL Dump
-- version 5.2.0
-- https://www.phpmyadmin.net/
--
-- Servidor: 127.0.0.1
-- Tiempo de generación: 11-03-2024 a las 04:51:43
-- Versión del servidor: 10.4.24-MariaDB
-- Versión de PHP: 8.1.6

SET SQL_MODE = "NO_AUTO_VALUE_ON_ZERO";
START TRANSACTION;
SET time_zone = "+00:00";


/*!40101 SET @OLD_CHARACTER_SET_CLIENT=@@CHARACTER_SET_CLIENT */;
/*!40101 SET @OLD_CHARACTER_SET_RESULTS=@@CHARACTER_SET_RESULTS */;
/*!40101 SET @OLD_COLLATION_CONNECTION=@@COLLATION_CONNECTION */;
/*!40101 SET NAMES utf8mb4 */;

--
-- Base de datos: `tienda_online`
--

-- --------------------------------------------------------

--
-- Estructura de tabla para la tabla `admi`
--

CREATE TABLE `admi` (
  `email` varchar(30) COLLATE utf8_spanish_ci NOT NULL,
  `clave` varchar(30) COLLATE utf8_spanish_ci NOT NULL
) ENGINE=InnoDB DEFAULT CHARSET=utf8 COLLATE=utf8_spanish_ci;

--
-- Volcado de datos para la tabla `admi`
--

INSERT INTO `admi` (`email`, `clave`) VALUES
('omarvaldes12@gmail.com', 'valdes12');

-- --------------------------------------------------------

--
-- Estructura de tabla para la tabla `comentarios`
--

CREATE TABLE `comentarios` (
  `usuario` varchar(30) COLLATE utf8_spanish2_ci NOT NULL,
  `correo` varchar(50) COLLATE utf8_spanish2_ci NOT NULL,
  `comentario` varchar(300) COLLATE utf8_spanish2_ci NOT NULL,
  `creado` timestamp NOT NULL DEFAULT current_timestamp() ON UPDATE current_timestamp()
) ENGINE=InnoDB DEFAULT CHARSET=utf8 COLLATE=utf8_spanish2_ci;

--
-- Volcado de datos para la tabla `comentarios`
--

INSERT INTO `comentarios` (`usuario`, `correo`, `comentario`, `creado`) VALUES
('omar valdes', 'omarvaldes12@gmail.com', 'excelente servicio al cliente y super precios ', '2023-08-14 07:19:13');

-- --------------------------------------------------------

--
-- Estructura de tabla para la tabla `compra`
--

CREATE TABLE `compra` (
  `id` int(11) NOT NULL,
  `id_transaccion` varchar(20) COLLATE utf8_spanish_ci NOT NULL,
  `fecha` datetime NOT NULL,
  `status` varchar(20) COLLATE utf8_spanish_ci NOT NULL,
  `email` varchar(50) COLLATE utf8_spanish_ci NOT NULL,
  `id_cliente` varchar(20) COLLATE utf8_spanish_ci NOT NULL,
  `total` decimal(10,2) NOT NULL
) ENGINE=InnoDB DEFAULT CHARSET=utf8 COLLATE=utf8_spanish_ci;

--
-- Volcado de datos para la tabla `compra`
--

INSERT INTO `compra` (`id`, `id_transaccion`, `fecha`, `status`, `email`, `id_cliente`, `total`) VALUES
(8, '9L661882VJ535384E', '2022-11-28 02:39:01', 'COMPLETED', 'sb-gfj1l17836738@personal.example.com', '5ZU6JUD8L8VRW', '111200.00'),
(9, '29L64588G61964933', '2022-11-28 06:02:54', 'COMPLETED', 'sb-gfj1l17836738@personal.example.com', '5ZU6JUD8L8VRW', '900000.00'),
(10, '36616363P2345042L', '2022-11-28 15:58:20', 'COMPLETED', 'sb-gfj1l17836738@personal.example.com', '5ZU6JUD8L8VRW', '9000000.00'),
(11, '2A8083678X613833X', '2022-11-28 16:25:29', 'COMPLETED', 'sb-gfj1l17836738@personal.example.com', '5ZU6JUD8L8VRW', '23800.00'),
(12, '53985462LM175454G', '2022-12-02 16:06:13', 'COMPLETED', 'sb-gfj1l17836738@personal.example.com', '5ZU6JUD8L8VRW', '30365.00'),
(13, '2AG245009N351971E', '2022-12-11 06:14:09', 'COMPLETED', 'sb-gfj1l17836738@personal.example.com', '5ZU6JUD8L8VRW', '5320.00'),
(14, '70778998PN268754R', '2023-07-16 00:54:02', 'COMPLETED', 'sb-gfj1l17836738@personal.example.com', '5ZU6JUD8L8VRW', '2900.00'),
(15, '4GC15882MH857790R', '2023-08-07 18:45:12', 'COMPLETED', 'sb-gfj1l17836738@personal.example.com', '5ZU6JUD8L8VRW', '2900.00'),
(16, '77642283T20279151', '2023-08-08 04:05:22', 'COMPLETED', 'sb-gfj1l17836738@personal.example.com', '5ZU6JUD8L8VRW', '11600.00'),
(17, '4FW710215A3712819', '2023-08-10 21:48:12', 'COMPLETED', 'sb-gfj1l17836738@personal.example.com', '5ZU6JUD8L8VRW', '23200.00'),
(18, '9LH87464CP9642329', '2023-08-13 05:29:05', 'COMPLETED', 'sb-gfj1l17836738@personal.example.com', '5ZU6JUD8L8VRW', '20300.00'),
(19, '4SP33647JB927553R', '2023-08-13 05:46:17', 'COMPLETED', 'sb-gfj1l17836738@personal.example.com', '5ZU6JUD8L8VRW', '2900.00'),
(20, '8J849298PH277152L', '2023-08-13 05:47:40', 'COMPLETED', 'sb-gfj1l17836738@personal.example.com', '5ZU6JUD8L8VRW', '1235.00'),
(21, '3K769272LD857754T', '2023-08-13 05:48:55', 'COMPLETED', 'sb-gfj1l17836738@personal.example.com', '5ZU6JUD8L8VRW', '5695.00'),
(22, '14W58553SG4062020', '2023-08-13 05:50:43', 'COMPLETED', 'sb-gfj1l17836738@personal.example.com', '5ZU6JUD8L8VRW', '15760.00'),
(23, '743482728U053805J', '2023-08-13 05:52:38', 'COMPLETED', 'sb-gfj1l17836738@personal.example.com', '5ZU6JUD8L8VRW', '25825.00'),
(24, '1TU78341SS0059610', '2023-08-13 05:53:36', 'COMPLETED', 'sb-gfj1l17836738@personal.example.com', '5ZU6JUD8L8VRW', '5695.00'),
(25, '4MK65774J6629750N', '2023-08-14 22:19:46', 'COMPLETED', 'sb-gfj1l17836738@personal.example.com', '5ZU6JUD8L8VRW', '129.00'),
(26, '2F6370715K714125D', '2023-08-17 21:02:48', 'COMPLETED', 'sb-gfj1l17836738@personal.example.com', '5ZU6JUD8L8VRW', '100.00'),
(27, '9XU15307JF544471G', '2023-08-19 07:46:32', 'COMPLETED', 'sb-gfj1l17836738@personal.example.com', '5ZU6JUD8L8VRW', '10.00'),
(28, '5W478285B85423150', '2024-03-08 03:41:18', 'COMPLETED', 'sb-gfj1l17836738@personal.example.com', '5ZU6JUD8L8VRW', '40.00');

-- --------------------------------------------------------

--
-- Estructura de tabla para la tabla `contacto`
--

CREATE TABLE `contacto` (
  `nombre` varchar(50) COLLATE utf8_spanish_ci NOT NULL,
  `email` varchar(60) COLLATE utf8_spanish_ci NOT NULL,
  `mensaje` varchar(500) COLLATE utf8_spanish_ci NOT NULL
) ENGINE=InnoDB DEFAULT CHARSET=utf8 COLLATE=utf8_spanish_ci;

--
-- Volcado de datos para la tabla `contacto`
--

INSERT INTO `contacto` (`nombre`, `email`, `mensaje`) VALUES
('omar valdes ', 'omarvaldes12@gmail.com', 'buenas tardes, necesito una cotización sobre una mescladora de 100 kilos.');

-- --------------------------------------------------------

--
-- Estructura de tabla para la tabla `detalle_compra`
--

CREATE TABLE `detalle_compra` (
  `id` int(11) NOT NULL,
  `id_compra` int(11) NOT NULL,
  `id_producto` int(11) NOT NULL,
  `nombre` varchar(200) COLLATE utf8_spanish_ci NOT NULL,
  `precio` decimal(10,2) NOT NULL,
  `cantidad` int(11) NOT NULL
) ENGINE=InnoDB DEFAULT CHARSET=utf8 COLLATE=utf8_spanish_ci;

--
-- Volcado de datos para la tabla `detalle_compra`
--

INSERT INTO `detalle_compra` (`id`, `id_compra`, `id_producto`, `nombre`, `precio`, `cantidad`) VALUES
(8, 8, 7, 'Casco agv', '10120.00', 10),
(9, 8, 2, 'Casco kov', '1000.00', 10),
(10, 9, 12, 'el', '900000.00', 1),
(11, 10, 14, 'diego ', '900000.00', 10),
(12, 11, 20, 'casco agv', '2975.00', 8),
(13, 12, 29, 'chamarra speed', '6000.00', 4),
(14, 12, 28, 'chamarra dainese', '6365.00', 1),
(15, 13, 21, 'casco shoei', '2660.00', 2),
(16, 14, 23, 'casco agv', '2900.00', 1),
(17, 15, 23, 'casco agv', '2900.00', 1),
(18, 16, 23, 'casco agv', '2900.00', 4),
(19, 17, 23, 'casco agv', '2900.00', 8),
(20, 18, 23, 'casco agv', '2900.00', 7),
(21, 19, 23, 'casco agv', '2900.00', 1),
(22, 20, 25, 'guantes kov', '1235.00', 1),
(23, 22, 24, 'casco shoei', '5695.00', 2),
(24, 22, 27, 'guantes Dainese', '2185.00', 2),
(25, 23, 24, 'casco shoei', '5695.00', 3),
(26, 23, 27, 'guantes Dainese', '2185.00', 4),
(27, 24, 24, 'casco shoei', '5695.00', 1),
(28, 25, 33, 'tornillo', '10.00', 5),
(29, 25, 35, 'TORNILLOS HEXAGONAL 8 X .6 CM ', '79.00', 1),
(30, 26, 33, 'tornillo', '10.00', 10),
(31, 27, 33, 'tornillo', '10.00', 1),
(32, 28, 33, 'tornillo', '10.00', 4);

-- --------------------------------------------------------

--
-- Estructura de tabla para la tabla `productos`
--

CREATE TABLE `productos` (
  `id` int(11) NOT NULL,
  `nombre` varchar(200) COLLATE utf8_spanish_ci NOT NULL,
  `descripcion` text COLLATE utf8_spanish_ci NOT NULL,
  `precio` decimal(10,0) NOT NULL,
  `descuento` tinyint(3) NOT NULL DEFAULT 0,
  `id_categoria` int(11) NOT NULL,
  `activo` int(11) NOT NULL,
  `imagen` longblob NOT NULL
) ENGINE=InnoDB DEFAULT CHARSET=utf8 COLLATE=utf8_spanish_ci;

--
-- Volcado de datos para la tabla `productos`
--

INSERT INTO `productos` (`id`, `nombre`, `descripcion`, `precio`, `descuento`, `id_categoria`, `activo`, `imagen`) VALUES
(33, 'tornillo', '*talla medianos<br>*con fibra de carbono<br>*ligeros<br>*resistente<br>*con la mejor calidad de tela', '10', 0, 0, 1, 0xffd8ffe000104a46494600010100000100010000ffdb0043000b090907090907090909090b0909090909090b090b0b0c0b0b0b0c0d100c110e0d0e0c121912251a1d251d191f1c292916253735361a2a323e2d2930193b2113ffdb0043010708080b090b150b0b152c1d191d2c2c2c2c2c2c2c2c2c2c2c2c2c2c2c2c2c2c2c2c2c2c2c2c2c2c2c2c2c2c2c2c2c2c2c2c2c2c2c2c2c2c2c2c2c2c2c2c2c2cffc000110800b400e103012200021101031101ffc4001b00000105010100000000000000000000000001030405060207ffc40043100002010303020403040509080301000001020300041105122113310622415114617123328191334252a1b11516246272a2c1d1e173829293a3b2d2f14353f095ffc4001801010101010100000000000000000000000002010304ffc400221101010002020202030101000000000000000102112131124151610322713281ffda000c03010002110311003f00f5ae68e68a280e68e68a280e68e68a280e68c9a4a280c9a3268a280c9a3268a280c9a3268a280c9a5e6928140bcd1cd14501cd1cd14501cd1cd14502d1494b4051451405145140514b45073494b4940b494b494051451405145140514556ea1a9456b6f7d3799a3b48659a6d9f79ba633b5682c3726700827d8727f7505957ef1c7d4115e45a9f88ae6ee6c5c5fcf05b95dd1db5a160df262a85571f56e6a7417b0268c6e60bed5ad9c8745b9b952f6c1d88c86f839e575f9129f8554c769b969ea0195b95208f91a5ac2786f5ad52790dadebacb3243d78ae1363092305479993cac0e4153ebf856da099674dc3820ed75f661e959669b2eced1cd429af823948d436dc966638418eff0080f7cd423af5a838371638ed932f973fdacedfdf58d5dd155abaa2aba2cd11449398e552191c7ba919047d0d58820804762323e940b4514501494b484aa82cc405504b16200007a9268168a86f7f081f640c9cf2470b8f9669e82e60b8dc11bcebf7d0fde5fc3da81fa28a280a28a280a28a28128a28a028a46655196381ef5167d42c2ddb64d3c51be376c76024dbee5065b1f8504ba4aab3af68ea0bbdc08e3c16ea4d05dc516d040cf5248c27efa9f1dc412aab2488cae014646564707d5594e0d03b451484aa8cb100640cb100649000e6817f3fc2b333a985a6908dd03ab0ba8dbcc369ce580fe22a4df6b0980b6afe5213ce411b998b0d855b0c07039f9d44852e46eb9bb98dadba712757831890955570e3ee13d8e7fd2e4f973b9cde992baf01b5fca750d22f4b4133b388ae63ea2a1ed88a4c1c01e9943f5a9e7c1b7f2691158ca562b98e467328b5b59d793fab2c7045383fefd575e27886f6e96dbc3da96db1657794bddcf14509490c6e2344e4f3cfddc8cfb106a62785af1d81b8f12eb7b36f31dbdc3280df2794b1feed6f5cc3b3ea34df09d8ac266924ba6668d64b8555766249c2a8006077c7e7cd5a68da93aaea4a3a8edb6ddcca4f932fb89da73df91f9d66bc47e0bd42fe2b2bbd2ae2f2e64b74e8cf0dece5f745dccb0b119ddfb631cfa72306874bd467f0e6b52437771d5b2722d2f0dbc8658398c27522660325383dbd31f4cbd68f6d1f8a359b88e6163112b0ac709940fbd2cd2a750e4fb28207e3f9506dd594daf560bf8edae258e284c893470cc5b1801a51b0e7e95a2d7b4796e9a2d42002631c3b27588c99921551d3b88447e62a46338fafbe21de5d6a3a7e9da4adbcf768b32c3bd25975292d675233b5adf538cc7f8a4ebf21ea271ce63c1963be6a7ddbff00376e34f168d33e8f753c56f7f6929ded653cb9c4b1e40c1ee4100676906b69a55eabff00439587563dc23e7efaafde03e95822ebaa42c19834123da3c8c4922054c3b46cdef9e1464919e7b569346792ef54924894adbdbbed6761cb3edfbaa3e9dfdb3f3e2f3f1def13f1ef5cb614515c4924512ef95d234ce3748c1464fa64d73747750af25e442bedba4c8e31e839e3eb516e35cb48f8814cb9da3736513938039e7f75574b36a37a43167456dca0440066e9e59a34cfeb81c81c66b67da6df8479b52b6b1bb16f2cb1f4e4fbac32044de8af9f4f6a7ef352d3f4ce9cf713ac53150f1a20dd2ba9e73b47ea9f9d55c83c371c721bc960b9b9897705463fd3acae3856894f224523df2194fa35626e64eb4e6e151fa5740cf0890963b4b18f9279e31eb5d2ce371cb1cafb7b3e99a85aeab656f7d6c731cca72a71b91d4ed6461ee0d4daf37f006a3d3bed4b4867e26845ec6bc8db3444472003b720a9ff0076bd1f9ae4ef0b4514502d145141cd1451414dacdedc5b59ead716c8649aced26921551963220dc70bee39c7d2bcfacbacd77248f2912cd879d8b8660ee0361a7972bbb9e4006b773dbddc6f2cd6b2a97662d2c373968a439e70ebe753f3e47caa0db6916773717535b5b4d637aac0cfb4a6016cf9a22418c83eeb8fa035b2b9e53685343d0d1e692d6e6ee3720a945be1711c9b872af6f3c71c647b85e7eb49e1b9265590c636d8b5b299231b9956f16421ba7bb07047718e2a7cc6da20f6777a8dcddac8ca8d09fb543921429e9a84c76f5a4ebc10a4505a2055dbb628a3183e56e554ae7cdc1cd54fda693fe79ab45d54c2810a755fcaca4bed1d32fb396231c7f8557cb71a86a4ca8a158655780cb6eaeb2175dc1b700ddb07e55c2daa4701babe912ded006930c7689479a4643820871cfa7fa65f59f18b4866d37408f11b8e8c974a0095e191389091c0c1cf3dfe84f1b269972b92f351d5347f0e23b5c48b71a8f49de38739c326374332e4ae31c83dff00c707a9eb5a9eb4ccf7738b5d3fcf1c6369622d64f3a74e3fbc429c0cd573b1eab4d70df137a5a3799dbcd141364a172adf7b77ae0ff0a76db4eb8bd773732346115876ddd29d4fe8cc7210db1813dbfc797db37ea2cfc3daa48351b6b6b2458ada375b9d564b997cb1c4882392e9e4c0f2b0c01c77c57a6696d65a8a0b9825eb5a8764590248892329c1dbd40188f7e2bcd3517b786d5345d3e34b78aee5dd295fb4963b6120b93109186edb900e33edef5aff000debd15bdbdb697751ff00478976412c606e44c938940e4fd473f5acbbf4bc6e9b50a18f18098c29538618f6f9579f78b22f0feab2322a2759378b8bb889469982e074c2a9048ed92067e82acb52f10477b7171a5e953473609b72d1303f1372c85ba4841c08a300bccf9c6001fad59f92c647b578c298b3b0c171b24315daf21582f0363775e338c1cf35926ef26596a7091e15d5e24b0934e992f6f934c76304d6caa934687244327548507be70c47ae79c57175e21d348e95f44c023b395bab78a5629faaae3382473f9d33a0dcc1a1c57b6b7703191ee166eb4614f541409e65ce4763eb4c6b97de17bf59768ba3762367e9c110249ec19b693e5f72335177be62e59aedc45ac417f711d9d831966999638ccbd248e104f2c90a13c0efd876adddadee83e1fb4896e6ea3889571043932ddce472ecb0c7991989e4f1fe9e57a7786b5979cdd2092c8a2485652c55e31911b93d3f36d209c303c56b6d7c37a6e9e247bc60f399f649f15203bae186f48ee08f471fa2907af07bd2cd132daea4f166a1a8b74f47b368e27dc12e6e143cb20c6e0d0440edcf0772b1069ae95cc99b9bcbc91c0433bcb292fb21ced3342bfb0a4fda2f719aab9fc41a7440c36104b32bf4c1761b1de27042c8d8e04d0b0c64771f5aa9bebcd5a61f13aadca5ba10b762de12bd698ba2c12bc10039224c82c3dcf6f64acc97f79ade8fa6064409713012029f7e312201d481b8c18e4077464723f75554d75e27d5c1e9457315ae136c9d36dee2290342e703965048cfa81561a7e8f63a6dbb6a3a9471a9894148588944637ed8f7b1182ff7476c0cfae334c5eeb7ac5c4dd3d325f22a3b4862863daa43631f1171e53ebc03fe42ae9927cab8e8e605590adcc971d453e6465fd24e0b0191d8fb66aba58fa4e91e096867992409cc69bdce1411ebea456c3e375eb2d256fef10caa6dc30778e2688485fef4cf6a7ca00e39c77f7a7112d6fc3bc96f1daea089b8b2e094675c09011dc7a72322abcb7349f1d5da1f85b4bbf4d6ac350e8b47046b72b2348366e5922652154f98f3835e97595f0f34b147d3bacfc496218775400f653eb9ef9ad48e457295df45a28a2a985a2928a04a2b956475574219586411eb43ba46a59d82a82016638033c7268214a98670c0a82c7693d9877e0d40ba6b7400c84e623bc28386d8de52547ad737fae279a1b71db01d8a83d36ce06f0d952a78f5a80d6d140bf19ac5cadbc4873d3dde68dd8f95a30720a9f503fc303a4c3e5c72cfe004b9bb9192d63c2b2f9e41905e20f912479c1c8f6ff3e616a3ace87a00903b477ba810ae551b31e1b3b270dc95607ef0ef547abf8cee2e11acf448c5bdb293be4fbbe65251b611ca8607b0ff001accac25a4ea39cc8e5b61db966e77158e3247e1cd5f3d39de39a93a9eafab6b52f5f5099a34055962888521d176901070030f7aac7b982253022b042adb218b832a8e0abbb8f439e33fe9673dacd1d8dc5cac441d92089f3d490ba3a960c700800771b4f1ebed5763a36a17305c6a8c8c902dcb654c6ea81a4cb10849c7e1dea2f0d9caf34186ca7ba65bb44645818c5180c2268e5cc6f1bc726ee5782086f5ad541a449756374d13c0a2286336864180f7718706166fd8236f3e84ff0056b0f68924372a11cc6cc1b631c71c8240c0fcab4d26a978f6f15b47958e34d9185f41ef9ef93eb45491506c2ed66724349398e29672003b1a5cb1418e38c63f0a7da536b6f732602bbfd886ce368fbcc41f9004fe14c2c9a85a3b491cae8cd95dfe66c86392aca33953dfb7079fa9a9aeb57716134cb8647d3ae2dc7c3432b0133bc4448415ce080578f7adea69965b76a78a39add8340c626bb8e6d8dbf9681d8e5149fbc4faf1ce2b79a478a6daf50d96b312c42356d8d82df0d0205b786300024cd2373c9c7d38070aa9e23b4b6226b4bb482389e158eea178d581ec819d785079ee29b8aec49b4a02cd1b96450bf6d1ed629b962192c013c126a2e5e8d6b97a66aba42c31b161d6b557283a787684805767ec96c939154961169ba481d7b3628b22a0bab5552d123282f36e7c0570d81b14608f9d44f0ef8a27b130dbdc3996c234284390ff000f6e84cb348b923749231c739f97b55e6ab2e9b72b6d169ac3af76824bc8d55e51671300ecacc3ff0090f6ef91cfcb3503516a97b78cc2c7e1edfa5365a501252b74adb6468202c3eca64e5909e0f3dea0eaba1788faf0c71ba5e992329109a7f875b6b62cd344641292c511b0060b600f4ad169d043a6da0ba98e238874ace1ea92d34831c21b83cb0ef8cfa5667e2ef757d517a32b4690cfd7b9b88d5910caa70d9504ec907620641079073cc5e6ae71091f84f5098813ebd611392c2486c82b00ae06e4eac9206f4c83814b3785ef34e496e316f3c3124934f3f51bafe551e750dc0279dd835274f7d28ea92816f6ee8cd70543ea2b02641ee90240f8f5c65f1f4c542d52e55e7bc4b49a58945aca1a22f09678c2f9fa735b318245f5f423d471c74986d97268ada39f53d305aea36f3c6b72a3e1de5c069e34657574f524719f7fc735979345d620bbb97bb83af195c472c090ce9b77f0a239c36de3d020fa9f5e6eef6182c2c26172cd748b137915048aa54a1cc8f334deb8c6c51f2a97a678b35b9a2544b2b49ade1554eade5b16208fd4ea060c4d65c7f6b233cbf5de47af8493d85b41a75a5dadd21dbbd2c61b73b493951736e10807b90f1ba9f5f9da69b6a2c55ae2e4049ae362ac1128382420291a4648dc480481c0f4e3b7035ebbb930661d3a225cee317530ea4631ba46603df38ff5b3b028f24f7a508967652a8d234ab6d1e302289980e3d490066b39eaab1d7716fa5abab85b94459a50f246a3cc634523c8cc38c8abb15556cf89a21c7624fe556b515d6168a28a05a2928a0cde9f7d35be5181923f45e739f91a6a46d575369479618d1c2932315051f0c11ca0c1073e538ff5c3ebde28beb4babbd32c91ec7a0e61b8b87606f6465241d857845fec9c9f53e94ce9fe20d72eb49fe49b46cc877223a8267e896dc11768248ce703d33f2c1e92eab965371a3d47c41a2f870325a0179a9aabe327f4586db242fb7861df183f8f1ce2af2f356d6265935091ca66448608f73131b36e555407200ec0014fc3a4a463acce1e569645966947963660a7ecd58024f3f21c77f7d5699a02a0692e55e03e6525c0372268a4054b06053630cfdd61f53e977e6b94f88cfe9ba15eddc888916130923c69c48b0bb88da4041072a4f9860f6ad2b785ad6d60657bb5170c0a4cc8b98dcab611d54f20e319c7feee9ae6deda2e8db2243086959523eca6462ec173ce33e954d75752393b4139cfbd477ed7a93ed5ed6423b77b69ae1274377b77ec588ecb888c5e6ea385e080725b1f22698f0d289adf55d336aac82d5994847327d9f0d926377c67f6446a3b7989a7a56b858ae5f272155d48dd9568dc3823679bdfb542d3de3b6f13dd461c08269cb602c4cabf10a0a65499901c9c0c991bd001c915af4cfb53df2bc63aea7cd6f2a3b03b8129900fb0abdb18de658b628669196388760ccc0b000fd0127e409f4a8bad5af4ee2fe028caa1e545dc9b0943965ddb9139c7b9152341be9534fd12e3e1ccb1d97c5d8dc3ae0b47319721954799999368381c007d0f39f1497b957d34f69a24623536d26a324266679d82a46bcf99b9042f7dbc8edc924d52da6bde23bbba411aea9796ef2150da75bc10236179e966d64f28ee72df97ac8f1169971a901ab6943af726de1b530978c7962766ea41d5fb3ea0ce39f6c8e47347a5d85e092da4bfb2b957824124df11a75fde3601c8cf52e63523dbca07af3ead4b3956ecbc35336b97b1dedad842ad2ceb0efbeb4d4e0f87bdc17277a3c4163381c7e8c02003ce6a9b5cf0dd96ac91eb5a19586e1f124d12f961b811b9c908bd9c10720601fafdee64b1d5efb53592c61716a37f465921b9b586067c9dcb05cc8eca7fd9b907b1519e2d755bd4d074af86b5df35f3b49f0e918f3b4ef2195e4c2f00649fcf1fd9cb8c9d1bbed83b58af1e410dd5adcace890eeb8823322e162ddf6bb06d0325410173cfe7bcd0b49076897682c44970ec50aa83e6dbbe48c37bf73516c6d6eeea1b39350e8cd7d311792911c6504b2a855daa0abab201b4e320f7f99b6d62fa0d1ec5ed0327502ff4c661bb05c63a52c6e0e53b1dc0f153d4648aef11eac6475b0b30c77816d142c24541df8b88f9c3119d8c3dbe755576c34ab44d3ac899351bc2b04929cf51e5626324caa002633b73f23f2aeec95a047d5eec46b7574ff0f631cf2148e3576cf4dae149c023718c9f6acd5c6a226d6a1816e9520b77304f785dee232f1aec9eed4f190c141f4073ed59378c6de6b65e1f8753678ad6c2f3e1eead239656b39c5e16689a401e63f0f3aa6d763c0e0fd6a45fe9b6b6970f77a95e8f8ab852fe788c6ad91b773449b9df19e09e7e66ba9b4a99e056c10e238a7f264b46ac85a237622c004e4304dffc32689e37178eb771dccb3dcba94285de69c9272e14642c6a31f79f23dbdfa636dbaacba910efb53f0f07bdb3b8f88686696da48af911d3a22370661d02493bc763e84f6a91ad4b05bd869034f654b1bd2fb9a3f29da02b74d8be1b3cf390338a5834dd3e3bc82f2eed25e8cd0ab69f2b4a9243d57fb931c646dc9033e9f8f1517ffca49791a9f231263cb84509229cb162fe4040c7247e66aeeb1b748ef5b595a5ade48b6c21b7bc9222a5a30904ee245f91450bf91abe5d5a4d32e5adfc93c4046acfb5a2314ac81c460498cb0f51fbf9a62ce4d4c9b6eadcdf4d96401986a327941c70f2cf10ff00a60542d703ab4c2e19a58ba837fc4bca4c479c1c4a7aa8ff00b3cb038e0e7bf2d5dae56f747737663ba3287519d8a9c60f6265079cfcbf8e78d13cd0c29be57545ed963dcfb01deb09e1a9e7d3eced64bc8dc492406678d9b2d9dbb955cf707b64e29a1ae1bdd3a6d5ee5df6a091dc40a18c718c1558c6718c11ebeb935ce4e5df7c3612eb96a9d5d919611053233c89185cf6ce7269c1aa308d6696d59616c62449a1901cf61dc578e43aadda5dce46c83265ea08d6db7063dc3dcdf32c7b87ae14ff0080d4c5a9cb268c59e48e4823120944ff0007716c849c02d3e992bcf17af98a6de79201abd22dd36ffcb963fb327fd3ff00ca8af2efe51b2fd9d37ffe95c7fe14557844f99cf1de9845e41ac440b417412dee3d563b855daa5fe4c3b7cc1acada5d4904d0cb1e46c71939da70befcd7aace2dde692cef137da5d44607591f64663cefc0f5ea038da723b7bf7c3cf67a2e89a95cc596bfe94df67d6e23418042ed1f7986793dbe559e35b326c2c66b292186f1215eacd1307c065015b0ad1329241031c1c7f1a90f3cac09660ab8f5381f8535a6c72ea2bf111a04458c92ad85c155242ed5fc2a26ad7771a5e9d68f2a83a85e4c2db785056191a3695ba63b0c0185fcfd2b2725e0e4f751c20930c92704ee778e08f800fde94e7fbb4b6d756d2b666b498458fd25acd05d281ee44641ac9612f1dfacf365079be1d525901ec7a92ccc101f71cd59dee9b636ba52dc5a497e85d61797e21ac6643b4fac962c5d3f15c7ceaffe276d98b6d26faceeedece589e5920936a10566ddb491f66e03feeaf35797a37fa65c79b2b1db161ba424b2790a06555e78e42fe2c17be8f489db5017f6932cce6d56d8accedb6606556652aea721948c820fb7e38e55ba965d792e7324b64e8fbdfa63ec9dfca5b78c60839c1e38c918500cf45e5aff001124523457708dab776e93c722aaaaee180583242a99f7dacdf5ac8e9bab5ce9535cb3f5424b23b4b2c230c51b08c81bb658e149cfcbd6b65bc5fe816570e13af01681c1fbe2271b558e712ed38e33b3e431551a7c9a5c4f236a7024b6918bc8eec18a694cb04d09125b3488fd341b8248b852415ce477aade91ae5d9d5a1223d4b4f6f879635586ee0b6f241264ee458a2c630a3cac4e739cd4b97c773b1022d22c133c61de790f6f75651fbaa8b4cd2edacf518ad3549d21b5bdb269eda6338e8ca155660ab20e0b8e54f3ce3e7825ccfa375da0b1b7b8970376e68ca9c76dd8624e3eb8ad9cf0de62c478c354dfd49eda2789b7031c0bd165cab2821b93c673df9c0a8da158b5edc4dac4e24f808835a69f0cc1889954f9da60237079248e7bd2dae9b73753431b22c503c7d5927df0b22463bee0240727b0edcfd2b65a6dadbc87a9d30ba7d8c78000472123ec7c8ec4fb9ae79df1e15279767edcc5a75abdf5d63aec84c4842b3a29e3ac6321495f7c5637326b17e66998fc25b386525df6b3b90a30ce0831b646e07b54dd7f549751b94b4b73841e75e99cf462538324248cff006d4ffe9db54b4b2b29679222f6d6a8fb6040a1aea77500c51071831b078e46c1e0afcb0794ae967a40d55c8b9b5b337135935c5abcb29e84726c8678c88211bf0bb91badc9e70462b177de1ed534765b8913e234fc83f136db99022f988752011f3e31f3abed3aea1bfd46e6f3540a66bd9a562e43810c8ec00e9c5df19c9e7d87ccd6c459dc5aee7b29049033012c327da3152376d913d491c9e001f855795f699ae99ff0b6bd7d6f1a44245ba815b7bc5234798ee2e769927901c02235184193dfb0c56c2e2c74ad720ea5a74e48e40d74b0bb12ad1a4bb52695b80324654673591bef0d5b5d3bdde8ae74fd45492d6ac7fa3c923804f44804073f218fe34ba2ddebd3df0b496c2ed2fa095269e62adf0a0c4e1a2f8c2c763648c820fe78c8adee235653f2d99b692386f927b8b4fb388ca8596416d0412a6c10c463855410be6fae7b934b05ef86af52d46a57315b4d03183e3116e16ee62aa1e120043131c100fae41c77ad7b5b1bab58e3bee9bdd745165b8e489a6249779140cec1faaa07cbb1e3347477b8324ab0f9ac665ba9a4ba917608a28b7f4f6aa9c3e0e768231c67be292df6bb35cba9b4ad39365c2f88ee1118068dae2caea218efb832a107ea735dac36062379f196f7e6da69101124466322a865e943b46371c63818efe9570cb0dcdac40963d4556851479b91e5231d85574d6fa640ead797c16e234742b6e8cd205720f3b158fa7b8fa574f1e13d5e99cd4750be9dc5bcc7a3048c8665518130073b4b1e768f6f5c73f277c2775656d632db5c3795d56588152c191860a9e319faf71f4abd934fd1af2da39a4b990c375d448a4b80c8cc11807c6e4183ed9f7a833684b6c823d3a69443c3a754a4acaab950bd55032bfc29ef47d91fc35a74b3cb368fa959c33cc72c92b46e3cfe62104e55c73e8188a99fcdbd7a48adecef1e3710926096dec82cf1a9e5ba33a90e3fe323dd48aac1a4eaf23a2cb3288fb1017938fc6b4d6162b6d08512dc852006093cc81b240c304603159bbe97adf6adfe67c9ff00dfa9ff00cc1455ff0046dfd9ff00e6cbff0095159fb7c9a893a8e96b708ebb372b03c7a83ee0d61e4f0a5c8be69713caccc082f96c1f72c6bd50ad706353dc56795d69be137b52681a64b651c892edcc843601ce3cb8e4d545f9b3d4567b2d452580c87aa2678da18e390701a199c6cdc327d7b7c8d6d6350a78aa4604348392373020f20f24722989946163f0bea36224304d69791b6046f2ed438ef9c32bc79fa1ff0021693d96a377656f697034eb786d94e66043c8a339f2ed8e3c7fc58f91ad1410c16d2b4d0469148c9b18c6004619cf993ee9fcaba31b5c7379d094960db521e9c4369214f4d99b247cc9fc2afcace91a8cdc52695a2dbf42162f24ac1e49382d21002ee3d86300000715576d6305e1d72fba4099749b3b6690801c4d1c92230450481b82a1fc07a66aff005ad0d752e6291a3947dc2338ce7d314c787ec6e6ceceeada52b2bc535c5bb1dd9469048580241ede6c37c8115cf2daa72aaf0acad7165ab69a37058d3acc1376d899b0a59d84aa809e3b9676fea8e2997b183e3af2dae95025cc4cd1b4a13cae173e4ebc831b86467773ed567a1e933c7abdfcb25a89f4eb69a7489ae4a08faac031682150577649dcc413ce01e3997aa693a90792fac1a2372aa4a46fb9988da5586e9b72924718207cab769b8eb9798d8de2d83dc585e42b716714f2ab5b4fe645911ca87888ce0faffef9d3ff003723d5626d420d56c6159ba60472a9b796562a026c364007ed8e231dbb7153dfc25f1f6e97c14a4b731a48f1cbf7c314009ec38f6a7f4db43a4dbdbd9a221be56b9566ccb118629a462191d8042c7b7738aa97519af691a5e94965145a65a06699c892f66dd33e65c72a1f66ed83d064d3be21d4e0b0b44b3b63b8f71d2604cb20e37dbc80eede33ca9f6a9e5a2d12cc492aedbb9d64215818e4283d6299329b870707bd636113eb17535f4ace62ea7931b46f6cfe98a11c3a8ce7debcf6db5d2711d69761753ccaa18fc4cc7e226994950b8dec922024afde42920feb7e71e7f15e94baba58884ae8969d382ca642fc18e40e273191c06c2a9e3b28f7a9daedcae9766349b623e3ef40975175da3a513152d1797b33326efa31fdaac5fc0c934a3ca496381819cd5ced2d8dee85d58e3bab2749165542b3424149c0104596dbc6725d89cf18a816baadf5ac9180ee92a0549131fa48cecf2940397238c93d8d3da643e21f0f8578119ed64f3cb69704f465f52d1e3956f98fc41ab3ba8748d7e279ed43417f120ea432616e223d82b63829c0cb0f6f4cd75f1db9de122db5ab4d48894dab810a0177d021b1238c911f639f42063b77e6afbe3acd2089c5cc4b090c63f331e17ca42c63cc08ec462b21a44062b454e3a9ccac5571bd40c0201e7b01f954bb70651337ea34ac54f196dbe5ce47d2a6cf05e17cae96375acccf94b5468c7acf2e0b9ff668381f5249f90a83fca4f6f6f35bb83d19461ba4ed1be73b81dc0fbe33efd8f7a492339039c9193ed50e68c9524f0307391902a3b77d2fa4bc29a54f776d2316682193af263a81247549267dbeaa339f6fc2b31637af3dec8d690aba081c16bb8c5e48464119877246be8701c9f971577a74b1c096d14f1a28b9b769e348626658e5e1658846a1b82a55be796f7a7bf9aeb0b3be9cb12075fd14891dedb2231cfd9465c30f97b7cabd38ea76f36529e9a668fc3f14971676cdf7954ada3d932b1380d1cf1bc8a1fb70db777bfa1abd2a7b88ae20b60cd25add5949708aeac8c92210a7729ec79c1f7fde6c9ac753f84f8493e1a28b6b286834e7b5b801bb8c870a41f50ca41ae6d2d121dd059a6e9a12609a7943882023bc7818248ce762f009e48ed4dc9346adbb5fd8db4973016496d5a58d8c6e8e8ea5703cb9746f6fead2cf65aded548ad6c8e5d0f50dec9b554303ca74037e46a46910adba489bdd99b0ccce4799b279c0e07d2adf935cb75da4959ffe4ed6ff006ec3f39bfca8ad06df95152dd477452e28c56005409ec652d23c530f392dd39d72a18f3e474c30fc41ab0a4c50534914f10265b79b8fd68075d4fe0987fee5478a669d996dad6f5ca92a4c96ef6f18fabdc051fb8fd2b407349dfbd5795678ab069b34cb8b998a21fbd159b3216f93ce407ff842d3c6cedadad3a16904514710cc691ae141effbfd4d4ec518152dd3356baa6964181a78ade789983c372cb13039ce54b6148f983f957735e5bb2a7c3cb6d364ab37da1d8c81bcc81e2cf27b7cbf85b3e9da6cb27525b3b691cf24c91237fdc2a82e2d8413cf195036c84ae1428d8c72080bc629493e56c9736574710baef03cd112038f6c2e791f319ae5e246da190121815c8c907d08f5cd51ca88ea43a823b82467f2cd027b85530fc54f18752ab2c7212d1120a8601b3fc29b6f8a2f8860935632dbc339261291ce1c92250a70dd323f5938c1f5e476ef144d06996e25316fe9aa8b58dd5b1248720a3383f524d498e078e433c7b83ec31bc5bbecfa8a4671fe07e755571b2f1e69523db2c5cdd45c9da59b1d419f42783ec7e4dc6ea69cef7b517c35c5ccd2cd3334934ce5e576e5998fa9ad8687e1f44d9713a64f74523b7ccd3da268dbcadc4c9e5ce514fa9f735af8a10a071f4a8edd24f68cb670ba149114a9e30466b31ad7861b06e2c57ed14e576b6d600f04061ee335b5db4876e0e7b639cfb55e375c272c7cb9797e9d15dcb9d359244b8494243bb2ad10072ee73c803bfe5ef936b15bac6155061146d41eca3800d59eaf7d6ba5dc4379b018c9104db54753a79cf94f7c0fff0077aaf3343bd7a6e1d1d43c322f6923278619fdf55f92dd4db3f16325ba477e2428013818f7e4d2490c7b47587d9bba87db8c907b81f3aea79634e916ddd597f430a233cf29f68e35f31ab6d3b44bcb974bbd514408a736f64ae1d957f6ae1d78dc7d40e076cfbf28eb7e95fa1addc7a8eacf2a3a29822112b02bc190fdd3db1803f755f3147c16009f5c806ac67b2eab452413745d13a6c0c6b2452a0ec1d720e47a10c3fc986b1bce4edb67edcc723c79ff0075d4ff00dd5de653db8597d2beea282e23dae6542be68de191e378dbb654a9fc0d384a2aa2a80aaa0e07b0ee4927f326ba9a1bf4570ba6dccac781d39ad027d4b3499feed3f6fa7b3624bc085b8220425a153fd76600b1fc00f97ad65b2744969cd38492319429106d1b1db8ea1cf25477c7cfff00756d4d20c5395cdd4b4514507745252d1828a28a04c5257549405145250154bac14e240a43c608279f32fb63e5e957551e7862994875078ad9af67f18e1748f91b871ffee6b9eac678603201191ec6a5ea1e1eea3bcd6b23c321efb398db1fb519e3f222a8668359b327ad6ef322febdb02c71f38cf9ff008d6dc37d132d76b9b652d2b2c437314c94cf2fb703cb9e33edf97d24c76b05cbe5178276ccc5369201cf4f919efdfe9f9672df5b31316b68656b90af1c6b24522ac6ec305dc48a3b7a0f7fa55c687797eb2243701a50e4e1bf5c1272735cf2f29c2a78de5ac821088a000001803e55231427615d015b18e715cb2823047a629cc5262b4506a7a2adde48239cf0deded55769e15bb895a01a94b059b4865e85ba44cc1cfdee9c92a92b9f5c0f9d6cb029302b6db7864c64e55f63a569da7ef36d0e25718967959a5b897fb72c84b7e19c7caa6e2bac518a9d2b64a2bac518ad6139c5262bbc518a0052d18a514071452e28a31d514514051451405145140868a5a0d0726b822bba08a34c95cd34d6f1bfde506a49028c0a0ad934bb494e4a0cfb8029db6d3ededc928bc9f53df1ed538014b4fe9c42018a5a2968c2514b450738a4c575498a3498a4c5758a31409452d1461314b4629681314b452d018a28a2816928a2816928a280a5a28a028a28a04a314514010293028a28d2e0518a28a3062968a280a31451406293028a280c0a3028a280da28c0a28a03028c0a28a030297145140628a28a0fffd9),
(35, 'TORNILLOS HEXAGONAL 8 X .6 CM ', 'Tornillo autoperforante 8 x .6 cm<br>útil para fijar diversos objetos. Elaborado de acero con acabado enchapado en zinc<br> tiene cabeza hexagonal y punta de broca. El empaque contiene 454 gr de tornillos', '79', 0, 0, 1, 0xffd8ffe000104a46494600010100000100010000ffdb0043000b090907090907090909090b0909090909090b090b0b0c0b0b0b0c0d100c110e0d0e0c121912251a1d251d191f1c292916253735361a2a323e2d2930193b2113ffdb0043010708080b090b150b0b152c1d191d2c2c2c2c2c2c2c2c2c2c2c2c2c2c2c2c2c2c2c2c2c2c2c2c2c2c2c2c2c2c2c2c2c2c2c2c2c2c2c2c2c2c2c2c2c2c2c2c2c2cffc000110800ed00ed03012200021101031101ffc4001b00010002030101000000000000000000000002050103040607ffc4003a1000020202010205020306030803000000010200030411210512133141516122710632811423425291a11572f0244362b1c1d1e1f1336383ffc4001a010100020301000000000000000000000000030401020506ffc4002f11000202010203050705010000000000000001020311122104315113224181f005326191a1b1d12371c1e1f142ffda000c03010002110311003f00fae444401111004444011110044440111100444401111004444011110044440111100444401111004c4cc4011110044440111100444401111004444011110044440111100444401111004444011110044440111100444401111004444011110044440111100444401111004444011b9826449804b731b912448f74027dd33bf99acb4c778f7806eee11b9a7bc4c87100dd1358692ee804a2636220198888022220088880222200888802222008888022220098333227ca0182640b4319a19a0132e39902fcf9cd4493e5e7f13832ba9e26377203e35c06cd7511a5ff003bf90fef3594945659bc6129bc4564b22ff323de653d3d730ac7096ab504f01dd8353be340bf046fd38fd6773587ff005119292cc589d7283c491d3e2cc8b47bcaf372af999ace528f2333930916c2d1ef262d1ef294658f7126b97bf58c98d2cbb5b7e64c389535e4824733a96e1a1ccc982c62220088880222200888802222008888022220088880244f94cc8311cc0353cafcdcca70aaf16d0eddcc1112b1b666d6f5cf13b5cf9ce3cba2bc9a2daac40eac3f2b120123d0eb99ac9b4b63782595ab91e5b37ae64e4f7256de1d24906ba5b475ff00d96eb7fa095aaf6371e6bb3ee2b07c8e87afcc752af1fa3bdc724b7ece80bd6e413fbb2743617d7d3eff0079e533bf1365dcbe1e0ef1e82a49b8ebc6d91a1a63c01f69cc96a93dceed718c12d28f43d4ba9e074da6d395686bcd67c2a174d63315fa76be407de5a747eb38cdd3e83fb4038e7428b6d247633368d2e4f20827437efaf49f1fc8ef2f633b3d8ecdb363163dcc7d76dc99d9d3ba85b82d60b14dd8790026663063a7423b495f6603cbfd6ac421a1662c82d6ac78923ebf7e6689d9d11e9382cea3dbeb3cf2f50eea28edb4dabe1205b4f9d8a06831f9f7f99a1b21dbd64ea592aaab07a45ea7cfe69d15f51075ccf23e2b71ccdf5e4107cccdb261c0f6d4e6862399675e402a399e2b1728f0372f69c9fa073374559c30cf7f1113246222200888802222008888022220088dcc13006e6260b4816804899a99a619e6b66f3e7ef3193648c319ad88504b1d01e7fe84e7fdb718df7633b78772af8881c8d5b51e3beb3f1ea3cc7f79e787e22ae8bf270322c2155dce35f6f2fe18e0a584f995f43e647ca9dd6b6f857ef32e53c2d96fbab91d3d73071fab62db8be3145bc105ebe430520f20689d7075bf4f79f1ab296a2fc9c6b87d7431ad476f6eca92bdc0100e8ebda7bc3d6b2b2324578f70345965755a1015b6ac9166abbd411e47c9c1e0827c891293f1662dbfb72e79afb7c71e1dc1578a72eb1d86b7206fea1afd413eb3975dfda49e76c9dc970ee98a4f73c8da5589d91b04ec0e4fea4f334a853c9f8e0790dc959bd9d8d153a201dff79150e5b4bc2b7c1d99d38f2284b7916dd22fd2dd8c58164fdf563dd77a7507df9047eb2d434f378ede0dd4dcbb0d5b86e3903cc15d8f7f29e8491bda92518064278ee5237b98d587831a7636ee4d4cd20ef63d7526a7ca4a889a3b68b4823ee25dd377eed799e750f2259d361083ef244cad64727d962226e53111100444401111004446e0098dcc13224c03248916690669a99fce0ce09979adec541b660a3606d8e86c9d01b3350b91c5bd8e368cc8dc728c3dc1feb289fad62df567625a14e5d2a52dafcabb14a922c427d08e47b11af3120b2e8d6b32658aa89daf1145be6e6ae1d62fb06e953fbf237de8878ee51ebaf51edf6e68bac757341c6c9c17161d6980e52eabb7bcd241e37eaa7fe86796ea1f89aea719f1b25daf284363580825ab63c173f1e4df237eb3cddaf99995ff00b2bdcb4d07bcd001665007d5da3827b7cc0d790f89cbb38a9dabb9b2eacef51ece857bd9bbe85bf5afc45464de8d558eb7a9aecad9003d8de4546f9d11c11f3eba94d7e4756bf31c6786ed7ad6c6e3bfb55400d6d7af41a1ddcfcface8c5c1aba9564300b9d50da77f622daac07d25cfa3ff00036b83da7c9a755362d0d763a5ac72b10539dd36fbd5c80138d354c0e830da5aa7e479a735d698e76cbf1fcaf5d4e863928edd3e3f0f5f03774bc04a6eef7d3d019d59595b7914bafd6875f56f47b93d4fa72c35ea3abe2e2f56e87754de19b58d21726f6201b7fdce4f88a3655c6f675c90d3c1e37557f172abc7aca5768b1a94725cd041ef5afb8f3f436c29fb1fb4b1ba95897d4b678cd45aaeb914d5bef3431ee26a03638605947dc4d6554d49b5cfd7f8626a36e24dedeb28a6cec1b7a7e5e4e364786f75563d07b37dbe256747408075e446c7ace361b4705b437bd0f23adfaf9cf71d670f17369ab31991ada3f65f1f20d8552cc7b5d6aaaf246df40153f94fd247f2f1e72ec2c82d954bbe3ad98763d2ed5b258aeea4825197823db5c4bd0bb6d5228caaff0094500661a2bbda907e37be389e9b189b70e86d7d552957f4d68eb5ff0029ab0ba4b84366492ebe2165af5a50c401dcc07a9ffa7f4ef7a7b364100fe5ec4e7b935f9584da7c446524a2415d128c5b91a966c590453f3c1d4de884cbab914e5b1241ed3baaeeedf23e734d54b1206bce5e63611152ed793cc9115e7248faac44490a4222200888802209912d00c93225a44b7ccd65c73009b36a6b679adac2412ba279d0d80091e9b95591d468bb0aeb69bbb2c55ee5fe7aad53fc43e0f06693b230596c96baa53788a2c2ec9aa9350b1bb45ae6b563f97bb5b0a4fb9e75f6953d4baba74ebea67fde51680b68040f0493a5707d8f91fd3f4f2bd5bf13d59188b8f92c31ee1902ab02ef62c1cec9f4ede083ebbfd2798ea3d67ab59e00216dc600d24b03d96923cb7a074de606fcf7397671b2b3bb4af33bb47b31456abbe47a8ea5d7969cfb72b1ef0c1ab45b6aacf76ebd0ec240fe25f220fa6ff979f2b91d4afea393e1b2b50ceed8abd840d2bb86f09bb8fd88e7fb1e359e9d65b8d5f55c1b5fb12ead2d6b08538cec4765ac7cbb77f493e9e7e9b96d655d3f23a72e6ba05cbc50f8f9d482c3bea41cbf1cf7d7b2ca3d5763cd84a3b673279dfe4fd7f075569ad622b08e0a307270eeb68ccad6ca4f84ac6c3db4b789dcb5bf79dfd0df503c7047c73b6ef07a1e4d7752e5d5bb991dfb4ed78501879f7d64857f70ca7d4eb9f37ac0cbe9f52b8eeb690d57887f891c0f11091e8e02b2fb32a91e5a34b95977e4e35609db52a95be8698b0057b9bee0ebf592c2a959bcff0067f935949c57dbc7259f53ea29567d0ea8888aad55ab5b07aeb0dc5895b0e0a03f557edddaf2035536e564d798f77758c492f676b15f12b7fcfb3f3ebf73faeb35dd9152b301dc81011ae0d6fc06fa7d3dff00f12eabe937a578975e3ba95ed4ee5fe1a7f295dfa953e7f7f63276eba16fcf91a253b9623b2d8ae4c5cbbeef131431eeb0042afc7d440d36b9e7d3f59e87a4f4b4b72aaaf215ab75761594ded6c71a566f5d770d1f91f33b4e3e063598dfb37607283c4c64040d6f657678e0fd4bcf91224c6564df6dc1d4a8656446a3e8b15c1055bbbee06fed2a39d97ecb644f9ae94faff25a5bd1ecff000f3885c77d6e29dba2f6aa3d9dde19d8f2e4807cf4d2869c2ab18ba5ca281458f5bf72ae81427803d7dfd658e3e1f503cbe4dfa63deead63b2b31f5604ea6eeab5a576265290d6e415b2f5725825ca02ef4c34363cbcfc8cdeca1c2395c8a55dea73c37b957654c74eaa16b63a0f61d3b777a2a8f61edb9a9e9a94103b8b1d83b1f511f71c733a03bda4873dc4f1b037ad7ccdd8d879b944a63d26c3bd39000aabff003d878dfc727e24305293c449e738a4db2b69c561dfbd93e2383bd6f83e5c4eea70dd88014cf498bd08d55a2dac19f64b151a5d93bd0dcb4a7a7226b4a3fa4f435c5e9593ccdb72d4f49e7f13a6105598797a4bbaf134a076cb4ab080d713b13194281db254b05594b2594444c9a08898dc03331b1224c8968048b79cd4cf21658155d8ef4aa58ebcf406cce2cbca1563599159ee15a8b743f8d07d4547c91bd4d652515966f18b93c23a5ed50554b0ee604a83e640d6f538723a8d38d92b4de7b45b587a986f920e994fdb83fafc4a3eabd5d3230a9bb0ed516a378b412ddbdedda4f603ecc37fda78fea5f89572eea2a6628c0238bdd491558a07d5ad1e06cab7fe673aee377d352cbfa1d8e1fd98e5deb765f53d4e5f5ffd8733315980c3b03d8a7f95ca9665047f36895fbcf1d91d532731f2d3a6390d92ccaebbd7d678efac8dfe71c1f93f3392ea3ac78a2cbcdb663e62d841af7d970ad89650471b5f300fa0f8e2d1fa4d586b8bd531ac64c7b4065aea3a65c941f5d1c1de9c77357bf51af36139939b9ef379e9d3d7e0ed575d74ed158ced92a30e91d45cd3d4ddaa7b54d1e3ba6bc1b9185619f7afc8787f83bf2596bd331a8c039d81d6503e3d897636550bff00cb45d50f101a8efcb4458840f224fc49f5aea78f6630cec4a96b7cc14be4a6b6af657f4a65a1d7018135d83d76bea87741d63a96564b62e5961e2aad6ab65674b6d7592d5ef9f35ee23f53365195984b64fe8d7afb7c4c37269eadb6f3f2f5d4b34eadfb0e6e5e086a6caedaacaad603b71b2c6b4b6b211ad3aebb8796c11e5cca24cdb6bbf2292fdeb6baa56cfb2c0803b413e7e435b3e7a9cf907f687c7b4772f78d0decbd677c8007a03e93af1b08df7a9b41ed7ee4b7b347b8a807e9d687b3023e3de4fa2ba9394fc56fe4663ae72ee73f07f038eaaec7b2cac2b1ee05582027d7e9b0007d3c8fb71ef2cfa5f447cc5bd58b2bd6aeb628fccc8bc90c7cb6bc91f1c7a0dddd7d397a7e4a3815db59540cbda41b1b44fd40fa303ae07a11f7d886b6b325e80f4972e3448db0e403c7aeb83f691bbecb7bb5ac7233a2aabbd3797bf91ab129c2a7a7dd4e4d67beb7f099542f7b163a3c8df0469b7eff007e776ef15e2554b0644ee274a3f7835dbf50f91c11ff0069d18dd3aeb5545838fa4027f3003c84bcc5e9d4d7ad2ecc9abe130f54b7295dc7676452d1d35ed716152a0050013b61af99718f835d606979f324f2772da9c3dfa7f69da98aabae399d185491c8b388948acab0d8eb899cee8e33319ab4212f5faaa6f204ff002b1f63f6974b481ae26f5ac7126705258655ed25169a3cb607e1744d3750b56ed79514772d3ffe8e74edfd87c19e8ebc6a91152b454451a55450aaa3e02f13a4209b0279457546b588a35b6e9daf336738a07136ad2a35c4de17e24b4248426b0927db2404cea013889126003225a6198007d001b27e2735f7ad559b091d8ac81893c00c42ee61bc1949b7846e2f399f26b5b1ea62032aa30d91a21b7e5fd08fd256f52ea494d5564d4db159616e813a46d293a1fca744fc6e796eadd7e8b2d438ee1f2aa401d03691ab6e4a86f71c30fd47aca777171af68eece8f0fc0cedde5b23d0ddd6971efccc7b081d8b65d5b391a349dfd5cfa29d83f61ef3c765fe206c5a2d5c4ddf5be9f1dc12556bd963ddebb53c0f894b66767675fe1e7f72abd9aa9870425a7b7b7ec75afb89df5749b7a0f50ace42a5b8016bca427ea4bb1ad609dc80f995242b0f40e0ce55b6cecf79fae993bb5515d1b25bfe0ad1467f5a5b7f650e4d01ee4c4560c46c8b19101f53e6bcfc4b1c0e974751c6c8c7bfb172eaad33709dd804c9014fd24800e9c0d1df9104fa4dd98d8bf86fa862df82daaaf75cac3b109df82797c6b179fc84ed7fe162be6bb153d5fab2ae78cac6ed442d6393c8ecb2e21ad55038d776dc7c96f43a90e253eed7b74f2f5f72752725a972c73fe8b2c4ea58f8987d43a6166acaf8793d3edb47ef6975253907636a414b46b47447f16e50ff008a17af371176955a19c2976fa79ee015b93b420769f807d38adcbb99b24db5b77b5a3f7a77a0cdadb727cf7e9eff007337e374dc9c8c80aad58ee3b05c1d1565deb8f43e447a7e9cd9ec6104e737cf7f34167538d6b2f3fc1cf53597d4f5807c44763558188fdd824ba68f1c6c37c6fe78eaa3a665e463772d24aa9673ae796276baf407cc71e9f3cdff004ee97462e4d9564d23b8e8867d6c71ad9d71b1e446bfb34df46b1c650c520d6e1d7b0827b7b8f90f23a07f29fb7b4d5df39b6a95e28ca842bdec7be362a68c4c7f003310b707516f79df702005b06f9f86fd0cb1d58ab8b51ad58d618789bdb9af7b51edc73a3fa794eaa702eca0bdd580dddb760000df3af79778bd25502f70ef2bc0df901ec258af8473dec295fed051eec362a6ac2befb8dca5802000cdbe4003d0cb8c6e995273dbb627649f7971460703e9fed2caac455d6c4e842951e4716ce2653796caca708f1c684b0ab11401f4cee5a80f49b42092e92abb3273ad406b89b024ddd932166d834d4cd410498593004901ed3635221664092d192d4182333a99d0998062675331004d0efa3adfdbe66f943d72dbe8145f516014d8aca39ee207709a593d11727e04b557da4d41789b5f3ea0f9345bf991ecaf408e411b1fd44f299ff88e9c5a6ea3218d8db34b569c061f943efd88ff009cacccea393d46cb0e3ab52f715a182b03de06b4c49f51be7e0fc4e6c1e98cd9d561f58a9eb1def8d690000ac47e5df96882aca7d413eaba1c5bb8a9378cf2fa9e868e12ba965fac1cd939dd5b214b556336255befed1a1e193e1f75c471eba6fd7da4a8e84f95876f52c66757c36de62203e25552b9eeb07a96ac8deb5c85ff008c4b94a07e1bccb12fedc8a2e1fb164a5a4f6dd5d80ad7676f234c03061ae1918793cabb3ae9e91d5af4c4b51aab2b357d2bc58117b6a2fb3a2e3f2b1d0df629fe232965e70b9f32e29ca6bf4d6db6fe1fd168cbd29fa55c9942a3d4ba23595dbd9d9fed98b6e999296f2d1055aa3e8427b9dd066759bf3fa3558a1dadb316dca38d90135da806993dfb4a9e79fe23e88354966664e3e6598cc40aed349ec4ed0be1efbd5013b3ae481cf1b1ed218783977e465352962d6e2cf26ec07cc1e4fb6fea1ebcfb733f66a2b549e16cd1b46b49f579f97ec42dcc1938288de2b5b4b2568bb2ca5beae0faefdbf5f792af06fbb1e96b7c415961dae501d024282eadf3f49f9f83b371d2ba0d0e18773adda5ee16b2af86e1813ceb5ecc87cbec1b72eab4098d9545aab715eed76311531008257b79d1f51ff6dc76d97a695e3cc95ad2b36bdf1cbaa293fc1dabaf1ad5eeb2b50c1bf75f5155fd75f4fa0d6c8df3c73dbdb8c8f45b5d256d74ed5fa005080eb4747904f23db9f3078efab16ec8a2ba93c5055d4804b7d21791c8f6f796f8bd187d26d01980e38f7e64957072b30ed79295fed18c138d653558f9b7e45b680ccb61527bfc83f681b5225a627454421986db7b2353d05180aa0054000f412c6ac455d6c733af5d318ad8e15bc54a655d180001a5007da58d586abae06e762d6a07026d09e5274b053736cd29528d713605d4d9db1a8c1ae488004c8125a899306353333a92004023a3240099d4cc031a99888022220088880270e763579545953a86de9803eea7ff0063f59dd3530f39ac965619b41b524d1e2f23a474bc457ccefec4afc35bcb6bc3c72c754e50f50a37db60f663fc928bf1075caf230ebb2b45195e0d74e5b153bd54fb565d724a9de8fcb0fe2d4f41f8c316eab1867d2acd42abd79d5a799a1b9d91e5a0767cbd4fb71f331e3db665509fbc23b96a08bbee046c06ee1e47d0fb8febc1b38771935c92faa3d2f08e362564de5fd8d9d53abdbd471eac86b19aca16bac173e7aedd8d03e8403bf807cdb8e07ab23a81c35aea1e210fe27d6aa48523d7f5d8f823da5860742bae563de84e8582a6d846ed3b237efad83c7f71cdfe260e28a589aedafc2dbd61117b92c51c021b8e39fd09f30645dac2b7a2959797e47534f77bef0b1cbaaea53e3747a45a96e5f84eed52ff001f009da1ee0a77f57b7a6fedbbd6a3170afc66a76c6d705a95ff0076781deac78ff37bfea41c9c37b057654ac2e760b68ad404b06b83629f6ff5ef2df1ba4b5be135c341000aaa2495f093bb7b7e5d0a3771f0ab6aff00d380557db96ccb557a01117c24edd2ebf29038d4b3c2e8a13b8bf939db28f23f79798d80a800550258d78eabae2762ba230e48e0ddc5ca6f6656d18088005503f49df5e32aeb8e6750403c849849612452726cd4b581ad09b02c98592d0993520164f533a99804663527100868c9002662018d4cc4401111004444011110044440135b7acd935b7acc332b99a2eaaabea7aac1b461a3af39e22de876746c9badac17e9ef61646ed04e387d0ec6e7f21ff5f3eeccd657fbf12bddc3c6f8e9916a8e26744b313cb27431c64e20502d6272290da524ff001d6de5f71ebe7bf7b1ff0009c52b583580c1555bb4900f6f96f52e057c000703da4857335f0d5d7eea167176d9cd956981529e140d7c09d95e322fa4ea15ea6c0a07a49f056726cd6a9ad712617527a8d4c9a98d099d4cc401a88880222200888802222008888022220088880222200888802635331008f6898ec1ed2710088599ed133100c6a662200888802222008888022220088880222200888802222008888022220088880222200888802222008888022220088880222200888802222008888022220088880222200888802226201fffd9);
INSERT INTO `productos` (`id`, `nombre`, `descripcion`, `precio`, `descuento`, `id_categoria`, `activo`, `imagen`) VALUES
(39, 'vane', 'pendeja', '1', 1, 0, 1, 0xffd8ffe000104a46494600010100000100010000ffdb0043000b090907090907090909090b0909090909090b090b0b0c0b0b0b0c0d100c110e0d0e0c121912251a1d251d191f1c292916253735361a2a323e2d2930193b2113ffdb0043010708080b090b150b0b152c1d191d2c2c2c2c2c2c2c2c2c2c2c2c2c2c2c2c2c2c2c2c2c2c2c2c2c2c2c2c2c2c2c2c2c2c2c2c2c2c2c2c2c2c2c2c2c2c2c2c2c2cffc000110800b7014603012200021101031101ffc4001c0001000203010101000000000000000000000607010405030802ffc4005610000104010202070404060a0f080300000100020304050611122107133141516181142271913272a1b11523425292c116172453627593a2b3d12535364344455455738283a3b2b4c2333463657494c3d2d3f0f1ffc400190101000301010000000000000000000000000103050402ffc400281101000202010206010501000000000000000102031104122113143132415122233352618171ffda000c03010002110311003f00b6d11101111011110111101111011110111733319cc5e0eb8b37e5d83dc59043100e9e770db711b091d9de490078f3e644cc446e5d358e5e2aafbbd2564de48c7e3aac0cec0eb6e7cf27c78632c68f995c6935feac79770e4ab463bfaaad5b61eaf0e3f6a6dcd3cac7f1dd74faa6fe6a903ac758bb9fe179b63cfdc8aa81e9b46bf1fb2dd5ff00e78b7f287ffa26de7cdd3ea5797aa2a2ceaad5a7b73377d1d18fb9ab07546ac3fe39bde8f60fb9a9b479cafd2f645431d49aa4f6e6b25e961c3ee41a93548ff1d64bd6c3cfde879bafd2f8f54e4a8c66abd5ccd88ccdc3f5cc4fff008d856c375b6b36ff008d09faf5aa1ffe34da7cdd3e975acaa606bdd60c1bbaed7701da64a9001fcd017b45d23ea5696eeec5cbe4e81c37fd09423d472a92b85156f47a4cf79adc9e300693b3a5a126e5be7d4cdffdfe6a7b43218fca568ee519d93d77ee0399b82d70ed63daef7838778211753256fed96da2222c11110111101111011110111101111011110111101111011110111101111061c5ad05ce2035a0971276000e6492a86cf65e6cde4edde91c7aa2e31d4612768aab09e0681e7f49de67e572ea29cd7c167a60762dc6db0d3e0e746580fdaa86036d8786c11c1ccb4c6ab098e8ad2b0669d364b24c2fc75697a8af5c921b6a766c5ee976e658de436ef3beff0047636a328d08a210c552b32200011b2189ac0072db840d971f45c4c8b4be9f0d1f4ea75eef37caf748e3f32a428e9c58e2b5842b3fa0f197d9258c5362a37b9bb81a386a4e7c24637e893f9cd1f107baadb94aee3eccd52ec12416623efc726dd87b1cd70f74b4f710485f43ae566b058aced6ea2ec5efb038d7b11fbb3d7791f4a377de0f23e1e0559b8f17ef5ed2a1b645d8cf69eca602c08ecb44b5a471156dc4d2229bbf85c39f0bfc46ff00027bb8ea19b6acd67522226fda4f2039ee7b11e45d3c2e0b2d9fb0e82846d1146e02cda98115eb8edd891ccbbc1a3d761cd75b4ce8ebd9d31dcb7d655c46e087ec5b62e0f08011c99e2e23e1e22dca7468e3eb434e9411c15a16f0c71c43668f127bc93da49e651d9878d36ef6f470711a274de29b1bdf5db7ad8e6eb37dad90f17fe1c47f16d1e1b0dfccaeecd8fc6cf19866a556485c0831c9044e611d9d846cb6914b4229588d442a4d67a521c375791c6b5cdc7cd288668092e156576e5a584ee781dd9cfb0ec3b1dcb4745e625c5e6aac25e453c9c8ca766327ddeb1feec3301e20ecd3e4ef256a6a2aacbb82ce5778dc3a8d87b7ca489a6561f4202a17ac747c33b393e12c9d87c1d19120fb9433f357c2c916abe8f45e70cad9a182669ddb2c6c95a47787b43815e8a5a5022222444440444404444044440444404444044440444404444044440444411dd6aee0d2f9c3dee8eb47fa762267eb549ab935f49c1a6aeb7f7db3463ff7ed7fea54da86672fdf0bc748ff00733a73f8ba0fb8aeeaaa60d70cc3e9ec1e3a8c4c96f434d91d99ac07082bbf89db30346c5cef503b399ec1e50bfa58cc813c2ec93227f36b9cf831d1969ec2c61e17ede7c3eaa5d519e22222236b6d1556707d2cf6fb75a27c0661dbff0052c7ec7fa569793efd868fe1e665dbfddee89f167f8cacdb752a5eaf354b70327af3b78258e51bb5c3b7e3b8ed07b953baa34bcd80b1d643209b1b33f685ee7b4cd0b8ee445337b4f7ecedb9edcf63f4b39ac0e77155859cce66174931da0aacb572ccd3b811c4777ecd0d683b927e1da5686134e6673f2034a00caa1dc32deb0d736b3403cc30fd27bbc9bea4239b2dfc4fc7a7bb94d6c8f7c71471be496570645144d2f92479fc9631bcc956369ad021a62bda818c7bc16be1c6ee1d1b08e60da23938ff000472f1dfba4f80d2b87d3ece281a67bcf6f0cd76700ccedfb5b181c9adf21ea4f6a8d6aed6b2c32d9c4e19e592c4e74372e8db898f1c9d157f31d8e7771e43c4426b86b863af224990ce86dc8b038711cf99941e31b7156c6c0ddb8a7b5c3b0e5cb8580ee4903903baeec2c7451451ba47c8e631ad7492edc7210362e77080373dbc8288f47f898a9e1db9278dee65dc6c3deee6e6d70e70899b9f1e6f3e6ef253252eca4ccc6e4444458d7ba38a9de6fe755b03e71b82f9d80e28c0f18c0f985f43e45e23c7e4e43c8474ad3c9f26c4e2be7a6fd167d56fdc8cfe67c2fcd3f275d82d3f2f697e2e893f1ea180ae9ae1690771699d384f75085bfa3bb7f52eea3ba9ed811111e844440444404444044440444404444044440444404444044440444410de919db60211f9d92aadf932577ea555d2a96721729d0aad61b16e610c5d63b8580905c5cf2013b00093c8f62b4ba48fed0d4fe35aff00d0ceaa98269ab4f5acc2e2c9ab4f1d889c3b43e37070f4ee3f150cbe4ebc48dac1fdaf72142ab2de372cf766a00e919ee470d776edd8c70b882f6bbc1c49f4df7121d3786d435432de773376cda2d3c14c5873ea401c3fbe1db77bfec1ddbfd2500fd936beca4d3c94a6c83c35c098719543a2843b72d6fbac27e1bb895ee32bd2a46372cce803f3f1cc7fdf094595c98eb3bad656fad3bc72e58d8f1aca6257f1074f79d218a11cb622188713cf6f2e36fc7b8d58756f48b5f9cfed200edf69c4f08f52d89abd21e923513086cb063263ded314d149fcd93fe953b5de669f3b84c60d158d96dbb219cb363337ddb12eba1acaace12486c7563f7384770248fd72963238d8c6318d6b18d0d6358035ad68e4000396cabfabd26547160bd8a9e21d8e7d499930f8f048187ed2a558cd4ba772c5aca77a3339ff00079b7867dfc0324d89f4dd1663be39f6cbafe1f1542e7e84f8dcc656a4c0efed32cf138ff7c8667991920f43b1f307c15f5bff00fa545b5969dfc3747afacc0727458f7d7e11cec47dafae4f9f6b3c0fd628f1c8c737af6f586ce8db51dad35837308de0ac29ca076b64ae4c441f903eaa42aa5e8fb33ec59193173b88af933c507172eaeeb1bb01b1ece3036f8b478ab651ef0dfae90ca2222e71f53cdd469fd4127fe5d6631f195bd50fbd5123c15c7afac753a6ee33fcaec53ac3f95131dbd1a5538a199cb9fca23fa5d9a28f1696d3e7c2b39bfa333daa44a37a18efa5705e51d81f2b12292296863f6c08888f62222022220222202222022220227aa7aa0227aa7aa0227aa7aa0227aa7aa0227aa7aa0227aa7aa085f491fda1a9fc6b5bfa19d54aadae923fb4357f8d6b7f4332a95432f95fb89c746b6baacb652993b0b74593346fdafad26db01f07fd8ad6544699ba31fa830765cee18cda6d69493b0eaec8ea0eff000241f457b8474f12dba6be85a77b198bc944e86f5382c46e1b7e3580b879b1ff00481f02085b89ebf052ea9889f57cfb92a8da795c9e3a02f9fd9ae58af10634c92b991bcb46ed60277dbb792f192adf85a1f3d2b91306ce0f9aacf1b479f139807daacba75f2193bb99a7a726830987a16e4ab72f430367c8646f7d395dd64877d813da5dbf3f3d99ed3633a45c4f14f8fccc79985bce4a99189ad95edf06389e7fa6dfd4a19b3c78f7422782d7598c618a2b6e764280d9bc323c1b31b7b378a63dbb783b7f8856ae37298ecbd58ee509db2c4fe4e1f46489e3b59230f30e1e1ebd87730286ae94d646c406abb09a8e10e33471b43448f672717444343b6fca0435c3c7bcc7637ea1d1198d9ed00903ac6073bd9721581db76b88ed1dc76dda7c8ece2ca5ed8fd7bd5d0d75867e2729165296f1437e5ebd8e60d857c84644848fadb718f30ef0565e0f24ccbe271b916ec1d6606999a3f22766ec91be8e0573324ca3abb4ccefa47acebe1366a6e00922b706ee11bc6fc9dbeec77c4f8f3e2746774be8e5f1ee241ab6d9663693cc32cb36236facd77cd4adac453276f49580889ba3a95d74996808b09441e6e96c5c907808da2167cf89df255b0529d7b73dab51da8c3b765182bd36ec797170f5cffb5fb1f87928b050c7cf6eac932ba742ff0072b83fa967fe66452551ad0dfdcae0bea59ff9895497d54b531fb2044f54f5458227aa7aa0227aa7aa0227aa7aa0227aa7aa0227aa2022220222202222022220222202222087748ad2ed3ec3f9991a8ef98919fad544ae6d79187e98c93bf7a968c83ff731b7f5aa6544b2f971f9b078883c24b5ddad70ed6b873047c15fd85be32989c55f1b6f66ac4f900fc9940e191be8e042a0959fd1ae40494b258b7bbdfa7605a841fde2cefb81f07077e90484f12fab74fda7e88bf12cb1431cb34af6b228a37c92bddc9ac6307139c4f800a5a6ae2ae6a3d27aa351e3ee077e0cbd705ce38c171ad24ed1289380732d20f0bb6e7ee823753176a5d36628df064aada9262195eb5295b3db9e43d8c8e061e3dfc77000ed2401b88e63b018ed4166cea7ce303e3c9ccd38ca32bf82265500455cce01f7a47800f0efb0e2ec24f297d4c5e228ee6950a759c5bc25d5ebc51b8b7c0b98d07ed473e28bc7fc4535b619eeaf1ea3c7835f2b8ceaa699f1edc6f859f94ee1e45d1fda371cc6db6c3a3a9ae74bc3296471de0d7f56eff26c843eeb9bbf6f0bbbfc9de23949efc6c968e4227fd092a598dfbf670ba3702abfe8c2c3cb73d5093c2d342db0783a46be271f5e16a22d1117e9f8973b40e5a6c765a4c458e26439073d82379dba9c84208db63d85c0169f3685dcc1d5fc17af751d360da0b98f7df89a393785f3472ec079173c7a28a6b08dd89d5372d41ee912d4cbc5b7ef9eec8ef9b9aef9ab23d9badd538aca306f14da72e445c07207da6bcac04f6730e76df050ab144fb7f8ca42bce69628229a795dc31411be695c7f258c69738fd8bd144f5ee4bd8b032d763b69f272369b363b3845ff006929f86c384fd652ebb5ba626ca92e5a92edbbb764fa76ec4d65c3c0caf2fdbd37d97804450c499daebd103874ae0078c333bf4a790a91ae16908cc7a674e348d89c7c2ffd3ddffad7754b6e9ed811111ec4444044440444404444044440444404444044440444404444044441c0d6319974ce79a073159b2ff252b243f72a417d0990aa2ed1c8533b7eeaa962bee7b8c919602be7b2d7b496bc6cf612c783da1cd3b105433b991de245d9d3196185cdd0b92388acf26a5cf0104c40e23f54f0bbe00ae32100820f61041f878238eb69acc4c3e8d1cc6fcb623911d8b9f97c68cb5434249e586b4d233db3a8d9b2cd037de30b5e7b038edc47c371cb7dc46742ea465fa91e22e4bfd90a51f0d773cfbd6aab390209ed7b0727796c7c7693e5a0c958a16198cb3ecd7da6396ac8ee71f591b83bab9410776bb9b5dcbbfc94b66b68bd7708d58d195b17352ca69e67ee9c7c8fb0ea37649a7af6ff0016e69e02e25cd9762781de27b14cd8ee2631c5ae6f135aee178d9cddc6fb1f3f155cdf7f4a7918678ed451e2ea568a492ccd489324e1837e18c557c93b89ee0de11cf9efd8a22cb7acb190fb475b9da7048f6c624b06cc713dee048004fc89e47b02289cd18e7db3a5a7ac32f0e2f0b75bc6d16af45253a91efef174ade17c8076ecd04927c761dfce35d1856786ea0ba46d1ba4a74a33dc4c4d7caff971b540cbb2d98bd043c762f646db9b1422591d248ef32e71e4c6f693c800aedc2e32a69ec357a665670558a49ee5876cd6be53bc934cedfb076ede000f0479c769cb93af5da15a748f235d9e95a39987175d8ef89eb64dbe442b5716c7b31989649bf1b285363feb361682a9d7759ab755b435aeeab217db23b8bb63c7d70ddcb87d4681f172bb86c06c00007203c00ee0a1eb077b5af1f2154eebbca8c8e69f5e27ef5f16d75466c4f099c90e99df3d9bfea29eeadd49160a93a385ed393b4c736a47da620791b120f01f93bf69f2076a5c9249249249249277249e6492515f2f276e8817e243c31ca7c18e3f204afdaf6a7524bf731f4631bbeedbaf586df9b23c071f41b9f4470446e74bef130fb3e2b0f06db7538fa716df5216356eac340686b5a360d01a3e006c1654b762351a11111222220222202222022220222202222022220222202222022220222c202aa75b697b552dd9cbd185d251b4f74d6990b4b9d5267737b9cd1cf81c773bf71277d81dd5afcd636f2455931c648d4be7204100b4820f7820845795ed29a5320f74967155bad71ddd2c01d5e424f797405a495c797a37d2efdcc7264e0ff47643c7ca6639469c33c4bc7a2a78e49619229a191f1cb13db245246e2d7b1edec735c3982ac3c2f48a1ac8e0ce40f739a0345ca8c078fb06f343cb9f896fc96e1e8cf0a7e8e4f28079fb21fb7a95f93d1962ff00272d911f16553ffc611ea98b363f6a4706abd2564031e629377ee9de6070f889834ae364713d1e65266d8b99c6c8e6821a1d9f73d8d07990d12caed81f2d9699e8c6877662ff00ac358ffd2bf3fb5851eeccddfe42b7f5295f3e2da353586fd5c9f46ba6e397f07cf504ae6ecf753125bb336dcf85d30e23f3700a25a9b59dacdb1d4aa46fab8d24191af7033d9d8ee3ade1dda1bfc104f993d83bff00b58d3ff3cdefe42b7f52c8e8c71fbfbd99be47943547ded2a1e2d5cd68e9888887174865b4be9f82d5fbd3cd2e52def1086bd791e6bd563b71187b8066ee3ef3bdef01f92b6f29d245c99af8f134db581dc0b36cb65980f1644dfc583f12ef8786fc9d1d69daed0eb59bbf1b4ee03a57d1881f817c4b35f426899dc1b1666dd977e6c37a9927d228f74798ae68af4c6a15acf3d8b534b62ccd24d3caee296595c5cf79f327ec5e7b2b75bd1d6926f68c8bbeb5c907fc202f78f40e8c61e746693ca5b76dc3d40784d2af2b795344b416b77f79c766b473738f835a3992acad0ba56dd69db9cc9c2f8246c6f663ab4a36958241c2f9e569e6091c9a3b76277db7d84a6ad3d1785796d78f0d4a61da5cfaed9fd5f21eb3ed5d78a7af3b78e09a2959f9d0bdaf6fcd84845f8b8f149dccede8b288a5da22220222202222022220222202222022220222202222022220222202c2cac20a2750be78f3fa89ad9656ff0064ad9f7647b7939e5ddc7cd48fa36324998cbbdef91dc18c89bef3dce1bbe707f28f928feab6f0ea3d403c6e977e946c729274623f7767dde15288f9cb2a865e3fdeff00565cf2b608679dc766c31492b8f931a5c57cf42cdbddb236c4ed90384cc7091fbb24df8c386e7b41e6af3d4b3fb3603504bde31d6a369fe148c318fbd511fa94ace5da6262217b69ccc479bc4d3bc361311d4db60fef7663e4f1b781fa4df2705d754fe84cd7e0ccb0a533c0a7952c84ee79476dbca277fadf40fc5be0ae1474e1c9d748961571d23664834f0b5e4208e1b978b1c41f086325bcfc5c47d55605db75e854b776c3b860ab0be794f2dc860df846fde7b07c55057eed8c8ddbb7ec1de6b533e678df70c07e8b06fdcd1b01f0457c9c9d35e98f594a7a3db0e1a8a56c9248eeb7156dad0f7b9dcd92c2ff00ca3f15ded63ac6c63a77e2714f6b6d35adf6cb5b07180bc0708a20411c5b104920edbf8f36c43454c20d518527b2636ab9ff006903c8fb405c9c9c92cd93cb4b2efd6497eeb9fbfe775cfe4a1cd196d5c5a8f5db771b85d45a9e7b32d769b063735b66e642777007b86e19d63839e5db73d80e5ebcfd32da4b50e162366d56864acc238ecd27995916e76de405ad781e7c3b79f8cb7a3fce6260a2ec459962af6c5b9e688ca4319644c43870bcf2e21d9b1f01b6fdd60c91c72b248e56b5f1c8c747231c016b98e0416907b8a9594c15c94defbabbd0192c99873d3643212bb138caf091ed24c8229087c8f2d91c0bf60d0396e7b7b147b506b1cb661f3322965a78c1c4195e27163e460fcab2f6f324f7b77d87673db732ed4789c7e9fd2396a98b8e46456aed57cfd648f95e78e58da7773f9edb34003fad55ad706491485a1e2396294b0f63f81e1fc27e3b6c543c669b52231ed24a5a0f54dcaccb42bd3aed958d9238ae4c593b9ae1b82e6b18e037f0277f20b936aa66f4edce19db6285b637ad649048581ec1f951cb11d88f1fb76ec576627358acd40d9e8d863cf0b4cb0921b3c24f6b648cf31e1bf61ee25633382c3e76086be4613232197ad8cc723e37b5c46c471b0efb1ef1dfe9ca56cf1ab31ba4f734fbb2326170d2e46532dd96943358796b5a4ba46f18043001b80403cbb97517e5a035ad6b4001a03401d800e4005fa476c768d08888911110111101111011110111101111011110111101111011110163c56560f7a0a43588db5367bce784fcebc45483a31ffbeea1ff00d2e3ff00a49d47f589df5367bfd3c23e55e20a41d191fddfa8078d4a27e52caa1978ff007d27d7b3f53a6af337e76a7a75dbeb33643f634aad296125bba7f359789ae74b8dbf1b0b46e43ea885ae9761e2d2e0edfc01537e92ec16e3f0d57f7ebd24e47888222dff00ac2d9e8f2067ec6e52f6b5cdb77efba46b86ed73416c1c241eed822fc95f13374cfd2a5e7dc4b48d8b5cde4411cc169f10af1d2d9a19cc455b2f7036e1fdcb780e5b588c0dddb78386ce1f1f25526a1c3bf0795b74767751b89a9bddb9e3ad273673f16f369fabe6b6f4a6a1fd8fdeb124ad7c94ad57732c471f3775b182f85cd0796fbeed3e4ef2473e0bce2bf4d926e91f3418caf84864db70dbb90d8f631a778a377a8e33f06f8a8b65702fc5e0b4d5e998e6dbc93edcb643b7de363dac9208c83de1bb93e6e3e0bd7094eceabd4dd65d1d64466393c993cdbd531c3ab806fdc4f0b40f069f0537e91a1eb3035e5db9c192acf27c1af64911fbc22cb57c58b649ff00159e1a715b3382b1bec22c9d22e3e0d7ca2377d84aef6b8c158c6652ce4191b8e3b233199b2346ed86cbf9c91487bb73bb9be3bedf92a24e7398d2f6fd28ff0018df8b3de1f72fa19a2b6429c6668e39abdbaf1bdf1c8d6be37b246876ce6bb911cd1e3053c5a4d65f3d78823977eebbf87d5ba830fc11c763da6a3761ecb70992368f08dff4dbe876f252fcbf4714e62f9b0b67d91e773ecb678e4ac4f831fce46ff38792afb278aca61ec9ab90ae6294b78d8e0e0f8a566fb7146f1c88f1ec23c115db1e4c33b85a35f3386d6d8ac962839d56ecd58f1579882e639ae0e64d1380d9cd6b8349e5bf881bf3aa2e53b98fb53d2bb0986cc0ee1923779f63d87bda7b8fff00c18ab72ce3ecd6bf55c5b629c8d9e223bcb3b587c9c3769f22aeebd89c1ea4a3524b95848d9608e6ad334f058844ac0f1d5c8de63b7b398f228ba23cc47f70a3a19a7af2b268259619a33bb2585ee8e469f2734eea6b87e90b2754c70e5e3f6d806cd33c41acb6c1c86e40d98edbd0f99efc65ba3bcbd4124d8b9d97a1682eea65da1b6076ecd23f16e3fa3f050921cd2e6b9a5ae6b8b5ed7021cd734ec5ae079ee3bd14fea619fa7d0542fd1c95582e5199b357981e17b796c41d8b5cd3cc11d8415b6aa4e8ef25357ccc98d2e26b64609640cdf936cd701c1e07896f103f01e0adb52d3c593c4aec44445a222202222022220222202222022220222202222022220222202c1595841466ab7716a4d407c2e70fe8c6c6a907466edb299a6f8e3eb9fd19dc3f5af4cb685d4b90cae5af452e31b15abb3cd109669b8fab71f7788362237dbcd75747e94cde072576d5d9293a19e88aedf669247bfac12b641b87b1bcb6dfbd433a98ef197aa63b38dd2558e3c9e26a83cabd17cc4783ac4bc3f7314b74247d5e96c39ef97daa73fed2c48570351e8ed4b9accdec845263595dfd4c75db2cd3093aa8a36b7de0d8c8049dcf6f7a98e9fa1631786c463ec3a333d5acd8e53112e8cbf72e3c25c01db9f8295d8eb6f16d6987135e617f08e2bdba166f73161f38e11ef4954edd6b3c796c1c3ea9f155012002e276681b93e0073dd7d1c40208201077041ec20f710ab51d1d59fc36d90c953f010bbd7f55c721b06b0fc68838787876dfddfa5d837ed3c8f1c8c336b45aaef684c31c5e19b666670dcca965b98386ce8e1dbf1311f803b9f3715b1ae23eb34c65cedb98fd9661fea588f7fb37524ecf8772e6e7a8d8c9e1f2b42b98c4f6ab3a288cc4b630fdc105c5a09dbd11d3d1aa74c2843de0f7f2536c2eb8b54ed622bdb7b8e1e0c753a13b1b134be29a285ac759040e32371cc6fd8790dc6c7cff006b9d527fc23123fdb58fff000ada8fa36c9baa3ccd7eb43906cd270b581f355922e5c049e16c8d776eff004bb9433b1d3353bd6165d6b74eec4c9ea5886c42e00b648246bdbcf9f6b4aaeba49bf8f99d8aa10c91c96eac93cd638087750d7b43046f23bdddbb7f07cc6f1eb1a2f595473f871a671bedd651b113daef47398ffe6acd6d11acac168fc1ccacd3dafb9660635bf16c45effe6a2fc992f7af4f4a3a4076edede2046de2363bab47466aead3568f1795b10c36ebed1d49640d8a29ebb5a03185dc9a1edeceedf9769df6d8c3681c6d2ab7599099f6ae5eacfab24b09742cad0bf6e26561b9209d86ee3ccedb720483c0c9746f9484b9f8bb90db8b9910db0209c0f00f68319f9351e298b2e2fca1684b3410c4f9e69638e16378df2caf6b636b76df88b9c76dbd550f9db556f6673172a8fdcf62dc924476e1e36f26f1ec79fbc4177aada7690d641c22385b2763b8e19aa3a3f43d6f0ae9d0e8f752da7b7db9d5b1f06fef93236cd8e1fe0323f737f8bfd0f622725af9b558ae99e8f284b673aebc01f67c6569789ff926c591d5b183cf87889f4f156f2d0c4e271f85a50d1a3196c51eee739e78a59a577d2965777b8f7fcb901b0df52ecc38fc3ae844445a2222022220222202222022220222202222022220222202222022220222202222022220222202222022220222202222022220222202222022220222202222022220ffd9),
(40, 'vane', 'pendeja', '1', 1, 0, 2, 0xffd8ffe000104a46494600010100000100010000ffdb0043000b090907090907090909090b0909090909090b090b0b0c0b0b0b0c0d100c110e0d0e0c121912251a1d251d191f1c292916253735361a2a323e2d2930193b2113ffdb0043010708080b090b150b0b152c1d191d2c2c2c2c2c2c2c2c2c2c2c2c2c2c2c2c2c2c2c2c2c2c2c2c2c2c2c2c2c2c2c2c2c2c2c2c2c2c2c2c2c2c2c2c2c2c2c2c2c2cffc000110800b7014603012200021101031101ffc4001c0001000203010101000000000000000000000607010405030802ffc4005610000104010202070404060a0f080300000100020304050611122107133141516181142271913272a1b11523425292c116172453627593a2b3d12535364344455455738283a3b2b4c2333463657494c3d2d3f0f1ffc400190101000301010000000000000000000000000103050402ffc400281101000202010206010501000000000000000102031104122113143132415122233352618171ffda000c03010002110311003f00b6d11101111011110111101111011110111733319cc5e0eb8b37e5d83dc59043100e9e770db711b091d9de490078f3e644cc446e5d358e5e2aafbbd2564de48c7e3aac0cec0eb6e7cf27c78632c68f995c6935feac79770e4ab463bfaaad5b61eaf0e3f6a6dcd3cac7f1dd74faa6fe6a903ac758bb9fe179b63cfdc8aa81e9b46bf1fb2dd5ff00e78b7f287ffa26de7cdd3ea5797aa2a2ceaad5a7b73377d1d18fb9ab07546ac3fe39bde8f60fb9a9b479cafd2f645431d49aa4f6e6b25e961c3ee41a93548ff1d64bd6c3cfde879bafd2f8f54e4a8c66abd5ccd88ccdc3f5cc4fff008d856c375b6b36ff008d09faf5aa1ffe34da7cdd3e975acaa606bdd60c1bbaed7701da64a9001fcd017b45d23ea5696eeec5cbe4e81c37fd09423d472a92b85156f47a4cf79adc9e300693b3a5a126e5be7d4cdffdfe6a7b43218fca568ee519d93d77ee0399b82d70ed63daef7838778211753256fed96da2222c11110111101111011110111101111011110111101111011110111101111061c5ad05ce2035a0971276000e6492a86cf65e6cde4edde91c7aa2e31d4612768aab09e0681e7f49de67e572ea29cd7c167a60762dc6db0d3e0e746580fdaa86036d8786c11c1ccb4c6ab098e8ad2b0669d364b24c2fc75697a8af5c921b6a766c5ee976e658de436ef3beff0047636a328d08a210c552b32200011b2189ac0072db840d971f45c4c8b4be9f0d1f4ea75eef37caf748e3f32a428e9c58e2b5842b3fa0f197d9258c5362a37b9bb81a386a4e7c24637e893f9cd1f107baadb94aee3eccd52ec12416623efc726dd87b1cd70f74b4f710485f43ae566b058aced6ea2ec5efb038d7b11fbb3d7791f4a377de0f23e1e0559b8f17ef5ed2a1b645d8cf69eca602c08ecb44b5a471156dc4d2229bbf85c39f0bfc46ff00027bb8ea19b6acd67522226fda4f2039ee7b11e45d3c2e0b2d9fb0e82846d1146e02cda98115eb8edd891ccbbc1a3d761cd75b4ce8ebd9d31dcb7d655c46e087ec5b62e0f08011c99e2e23e1e22dca7468e3eb434e9411c15a16f0c71c43668f127bc93da49e651d9878d36ef6f470711a274de29b1bdf5db7ad8e6eb37dad90f17fe1c47f16d1e1b0dfccaeecd8fc6cf19866a556485c0831c9044e611d9d846cb6914b4229588d442a4d67a521c375791c6b5cdc7cd288668092e156576e5a584ee781dd9cfb0ec3b1dcb4745e625c5e6aac25e453c9c8ca766327ddeb1feec3301e20ecd3e4ef256a6a2aacbb82ce5778dc3a8d87b7ca489a6561f4202a17ac747c33b393e12c9d87c1d19120fb9433f357c2c916abe8f45e70cad9a182669ddb2c6c95a47787b43815e8a5a5022222444440444404444044440444404444044440444404444044440444411dd6aee0d2f9c3dee8eb47fa762267eb549ab935f49c1a6aeb7f7db3463ff7ed7fea54da86672fdf0bc748ff00733a73f8ba0fb8aeeaaa60d70cc3e9ec1e3a8c4c96f434d91d99ac07082bbf89db30346c5cef503b399ec1e50bfa58cc813c2ec93227f36b9cf831d1969ec2c61e17ede7c3eaa5d519e22222236b6d1556707d2cf6fb75a27c0661dbff0052c7ec7fa569793efd868fe1e665dbfddee89f167f8cacdb752a5eaf354b70327af3b78258e51bb5c3b7e3b8ed07b953baa34bcd80b1d643209b1b33f685ee7b4cd0b8ee445337b4f7ecedb9edcf63f4b39ac0e77155859cce66174931da0aacb572ccd3b811c4777ecd0d683b927e1da5686134e6673f2034a00caa1dc32deb0d736b3403cc30fd27bbc9bea4239b2dfc4fc7a7bb94d6c8f7c71471be496570645144d2f92479fc9631bcc956369ad021a62bda818c7bc16be1c6ee1d1b08e60da23938ff000472f1dfba4f80d2b87d3ece281a67bcf6f0cd76700ccedfb5b181c9adf21ea4f6a8d6aed6b2c32d9c4e19e592c4e74372e8db898f1c9d157f31d8e7771e43c4426b86b863af224990ce86dc8b038711cf99941e31b7156c6c0ddb8a7b5c3b0e5cb8580ee4903903baeec2c7451451ba47c8e631ad7492edc7210362e77080373dbc8288f47f898a9e1db9278dee65dc6c3deee6e6d70e70899b9f1e6f3e6ef253252eca4ccc6e4444458d7ba38a9de6fe755b03e71b82f9d80e28c0f18c0f985f43e45e23c7e4e43c8474ad3c9f26c4e2be7a6fd167d56fdc8cfe67c2fcd3f275d82d3f2f697e2e893f1ea180ae9ae1690771699d384f75085bfa3bb7f52eea3ba9ed811111e844440444404444044440444404444044440444404444044440444410de919db60211f9d92aadf932577ea555d2a96721729d0aad61b16e610c5d63b8580905c5cf2013b00093c8f62b4ba48fed0d4fe35aff00d0ceaa98269ab4f5acc2e2c9ab4f1d889c3b43e37070f4ee3f150cbe4ebc48dac1fdaf72142ab2de372cf766a00e919ee470d776edd8c70b882f6bbc1c49f4df7121d3786d435432de773376cda2d3c14c5873ea401c3fbe1db77bfec1ddbfd2500fd936beca4d3c94a6c83c35c098719543a2843b72d6fbac27e1bb895ee32bd2a46372cce803f3f1cc7fdf094595c98eb3bad656fad3bc72e58d8f1aca6257f1074f79d218a11cb622188713cf6f2e36fc7b8d58756f48b5f9cfed200edf69c4f08f52d89abd21e923513086cb063263ded314d149fcd93fe953b5de669f3b84c60d158d96dbb219cb363337ddb12eba1acaace12486c7563f7384770248fd72963238d8c6318d6b18d0d6358035ad68e4000396cabfabd26547160bd8a9e21d8e7d499930f8f048187ed2a558cd4ba772c5aca77a3339ff00079b7867dfc0324d89f4dd1663be39f6cbafe1f1542e7e84f8dcc656a4c0efed32cf138ff7c8667991920f43b1f307c15f5bff00fa545b5969dfc3747afacc0727458f7d7e11cec47dafae4f9f6b3c0fd628f1c8c737af6f586ce8db51dad35837308de0ac29ca076b64ae4c441f903eaa42aa5e8fb33ec59193173b88af933c507172eaeeb1bb01b1ece3036f8b478ab651ef0dfae90ca2222e71f53cdd469fd4127fe5d6631f195bd50fbd5123c15c7afac753a6ee33fcaec53ac3f95131dbd1a5538a199cb9fca23fa5d9a28f1696d3e7c2b39bfa333daa44a37a18efa5705e51d81f2b12292296863f6c08888f62222022220222202222022220227aa7aa0227aa7aa0227aa7aa0227aa7aa0227aa7aa0227aa7aa085f491fda1a9fc6b5bfa19d54aadae923fb4357f8d6b7f4332a95432f95fb89c746b6baacb652993b0b74593346fdafad26db01f07fd8ad6544699ba31fa830765cee18cda6d69493b0eaec8ea0eff000241f457b8474f12dba6be85a77b198bc944e86f5382c46e1b7e3580b879b1ff00481f02085b89ebf052ea9889f57cfb92a8da795c9e3a02f9fd9ae58af10634c92b991bcb46ed60277dbb792f192adf85a1f3d2b91306ce0f9aacf1b479f139807daacba75f2193bb99a7a726830987a16e4ab72f430367c8646f7d395dd64877d813da5dbf3f3d99ed3633a45c4f14f8fccc79985bce4a99189ad95edf06389e7fa6dfd4a19b3c78f7422782d7598c618a2b6e764280d9bc323c1b31b7b378a63dbb783b7f8856ae37298ecbd58ee509db2c4fe4e1f46489e3b59230f30e1e1ebd87730286ae94d646c406abb09a8e10e33471b43448f672717444343b6fca0435c3c7bcc7637ea1d1198d9ed00903ac6073bd9721581db76b88ed1dc76dda7c8ece2ca5ed8fd7bd5d0d75867e2729165296f1437e5ebd8e60d857c84644848fadb718f30ef0565e0f24ccbe271b916ec1d6606999a3f22766ec91be8e0573324ca3abb4ccefa47acebe1366a6e00922b706ee11bc6fc9dbeec77c4f8f3e2746774be8e5f1ee241ab6d9663693cc32cb36236facd77cd4adac453276f49580889ba3a95d74996808b09441e6e96c5c907808da2167cf89df255b0529d7b73dab51da8c3b765182bd36ec797170f5cffb5fb1f87928b050c7cf6eac932ba742ff0072b83fa967fe66452551ad0dfdcae0bea59ff9895497d54b531fb2044f54f5458227aa7aa0227aa7aa0227aa7aa0227aa7aa0227aa2022220222202222022220222202222087748ad2ed3ec3f9991a8ef98919fad544ae6d79187e98c93bf7a968c83ff731b7f5aa6544b2f971f9b078883c24b5ddad70ed6b873047c15fd85be32989c55f1b6f66ac4f900fc9940e191be8e042a0959fd1ae40494b258b7bbdfa7605a841fde2cefb81f07077e90484f12fab74fda7e88bf12cb1431cb34af6b228a37c92bddc9ac6307139c4f800a5a6ae2ae6a3d27aa351e3ee077e0cbd705ce38c171ad24ed1289380732d20f0bb6e7ee823753176a5d36628df064aada9262195eb5295b3db9e43d8c8e061e3dfc77000ed2401b88e63b018ed4166cea7ce303e3c9ccd38ca32bf82265500455cce01f7a47800f0efb0e2ec24f297d4c5e228ee6950a759c5bc25d5ebc51b8b7c0b98d07ed473e28bc7fc4535b619eeaf1ea3c7835f2b8ceaa699f1edc6f859f94ee1e45d1fda371cc6db6c3a3a9ae74bc3296471de0d7f56eff26c843eeb9bbf6f0bbbfc9de23949efc6c968e4227fd092a598dfbf670ba3702abfe8c2c3cb73d5093c2d342db0783a46be271f5e16a22d1117e9f8973b40e5a6c765a4c458e26439073d82379dba9c84208db63d85c0169f3685dcc1d5fc17af751d360da0b98f7df89a393785f3472ec079173c7a28a6b08dd89d5372d41ee912d4cbc5b7ef9eec8ef9b9aef9ab23d9badd538aca306f14da72e445c07207da6bcac04f6730e76df050ab144fb7f8ca42bce69628229a795dc31411be695c7f258c69738fd8bd144f5ee4bd8b032d763b69f272369b363b3845ff006929f86c384fd652ebb5ba626ca92e5a92edbbb764fa76ec4d65c3c0caf2fdbd37d97804450c499daebd103874ae0078c333bf4a790a91ae16908cc7a674e348d89c7c2ffd3ddffad7754b6e9ed811111ec4444044440444404444044440444404444044440444404444044441c0d6319974ce79a073159b2ff252b243f72a417d0990aa2ed1c8533b7eeaa962bee7b8c919602be7b2d7b496bc6cf612c783da1cd3b105433b991de245d9d3196185cdd0b92388acf26a5cf0104c40e23f54f0bbe00ae32100820f61041f878238eb69acc4c3e8d1cc6fcb623911d8b9f97c68cb5434249e586b4d233db3a8d9b2cd037de30b5e7b038edc47c371cb7dc46742ea465fa91e22e4bfd90a51f0d773cfbd6aab390209ed7b0727796c7c7693e5a0c958a16198cb3ecd7da6396ac8ee71f591b83bab9410776bb9b5dcbbfc94b66b68bd7708d58d195b17352ca69e67ee9c7c8fb0ea37649a7af6ff0016e69e02e25cd9762781de27b14cd8ee2631c5ae6f135aee178d9cddc6fb1f3f155cdf7f4a7918678ed451e2ea568a492ccd489324e1837e18c557c93b89ee0de11cf9efd8a22cb7acb190fb475b9da7048f6c624b06cc713dee048004fc89e47b02289cd18e7db3a5a7ac32f0e2f0b75bc6d16af45253a91efef174ade17c8076ecd04927c761dfce35d1856786ea0ba46d1ba4a74a33dc4c4d7caff971b540cbb2d98bd043c762f646db9b1422591d248ef32e71e4c6f693c800aedc2e32a69ec357a665670558a49ee5876cd6be53bc934cedfb076ede000f0479c769cb93af5da15a748f235d9e95a39987175d8ef89eb64dbe442b5716c7b31989649bf1b285363feb361682a9d7759ab755b435aeeab217db23b8bb63c7d70ddcb87d4681f172bb86c06c00007203c00ee0a1eb077b5af1f2154eebbca8c8e69f5e27ef5f16d75466c4f099c90e99df3d9bfea29eeadd49160a93a385ed393b4c736a47da620791b120f01f93bf69f2076a5c9249249249249277249e6492515f2f276e8817e243c31ca7c18e3f204afdaf6a7524bf731f4631bbeedbaf586df9b23c071f41b9f4470446e74bef130fb3e2b0f06db7538fa716df5216356eac340686b5a360d01a3e006c1654b762351a11111222220222202222022220222202222022220222202222022220222c202aa75b697b552dd9cbd185d251b4f74d6990b4b9d5267737b9cd1cf81c773bf71277d81dd5afcd636f2455931c648d4be7204100b4820f7820845795ed29a5320f74967155bad71ddd2c01d5e424f797405a495c797a37d2efdcc7264e0ff47643c7ca6639469c33c4bc7a2a78e49619229a191f1cb13db245246e2d7b1edec735c3982ac3c2f48a1ac8e0ce40f739a0345ca8c078fb06f343cb9f896fc96e1e8cf0a7e8e4f28079fb21fb7a95f93d1962ff00272d911f16553ffc611ea98b363f6a4706abd2564031e629377ee9de6070f889834ae364713d1e65266d8b99c6c8e6821a1d9f73d8d07990d12caed81f2d9699e8c6877662ff00ac358ffd2bf3fb5851eeccddfe42b7f5295f3e2da353586fd5c9f46ba6e397f07cf504ae6ecf753125bb336dcf85d30e23f3700a25a9b59dacdb1d4aa46fab8d24191af7033d9d8ee3ade1dda1bfc104f993d83bff00b58d3ff3cdefe42b7f52c8e8c71fbfbd99be47943547ded2a1e2d5cd68e9888887174865b4be9f82d5fbd3cd2e52def1086bd791e6bd563b71187b8066ee3ef3bdef01f92b6f29d245c99af8f134db581dc0b36cb65980f1644dfc583f12ef8786fc9d1d69daed0eb59bbf1b4ee03a57d1881f817c4b35f426899dc1b1666dd977e6c37a9927d228f74798ae68af4c6a15acf3d8b534b62ccd24d3caee296595c5cf79f327ec5e7b2b75bd1d6926f68c8bbeb5c907fc202f78f40e8c61e746693ca5b76dc3d40784d2af2b795344b416b77f79c766b473738f835a3992acad0ba56dd69db9cc9c2f8246c6f663ab4a36958241c2f9e569e6091c9a3b76277db7d84a6ad3d1785796d78f0d4a61da5cfaed9fd5f21eb3ed5d78a7af3b78e09a2959f9d0bdaf6fcd84845f8b8f149dccede8b288a5da22220222202222022220222202222022220222202222022220222202c2cac20a2750be78f3fa89ad9656ff0064ad9f7647b7939e5ddc7cd48fa36324998cbbdef91dc18c89bef3dce1bbe707f28f928feab6f0ea3d403c6e977e946c729274623f7767dde15288f9cb2a865e3fdeff00565cf2b608679dc766c31492b8f931a5c57cf42cdbddb236c4ed90384cc7091fbb24df8c386e7b41e6af3d4b3fb3603504bde31d6a369fe148c318fbd511fa94ace5da6262217b69ccc479bc4d3bc361311d4db60fef7663e4f1b781fa4df2705d754fe84cd7e0ccb0a533c0a7952c84ee79476dbca277fadf40fc5be0ae1474e1c9d748961571d23664834f0b5e4208e1b978b1c41f086325bcfc5c47d55605db75e854b776c3b860ab0be794f2dc860df846fde7b07c55057eed8c8ddbb7ec1de6b533e678df70c07e8b06fdcd1b01f0457c9c9d35e98f594a7a3db0e1a8a56c9248eeb7156dad0f7b9dcd92c2ff00ca3f15ded63ac6c63a77e2714f6b6d35adf6cb5b07180bc0708a20411c5b104920edbf8f36c43454c20d518527b2636ab9ff006903c8fb405c9c9c92cd93cb4b2efd6497eeb9fbfe775cfe4a1cd196d5c5a8f5db771b85d45a9e7b32d769b063735b66e642777007b86e19d63839e5db73d80e5ebcfd32da4b50e162366d56864acc238ecd27995916e76de405ad781e7c3b79f8cb7a3fce6260a2ec459962af6c5b9e688ca4319644c43870bcf2e21d9b1f01b6fdd60c91c72b248e56b5f1c8c747231c016b98e0416907b8a9594c15c94defbabbd0192c99873d3643212bb138caf091ed24c8229087c8f2d91c0bf60d0396e7b7b147b506b1cb661f3322965a78c1c4195e27163e460fcab2f6f324f7b77d87673db732ed4789c7e9fd2396a98b8e46456aed57cfd648f95e78e58da7773f9edb34003fad55ad706491485a1e2396294b0f63f81e1fc27e3b6c543c669b52231ed24a5a0f54dcaccb42bd3aed958d9238ae4c593b9ae1b82e6b18e037f0277f20b936aa66f4edce19db6285b637ad649048581ec1f951cb11d88f1fb76ec576627358acd40d9e8d863cf0b4cb0921b3c24f6b648cf31e1bf61ee25633382c3e76086be4613232197ad8cc723e37b5c46c471b0efb1ef1dfe9ca56cf1ab31ba4f734fbb2326170d2e46532dd96943358796b5a4ba46f18043001b80403cbb97517e5a035ad6b4001a03401d800e4005fa476c768d08888911110111101111011110111101111011110111101111011110163c56560f7a0a43588db5367bce784fcebc45483a31ffbeea1ff00d2e3ff00a49d47f589df5367bfd3c23e55e20a41d191fddfa8078d4a27e52caa1978ff007d27d7b3f53a6af337e76a7a75dbeb33643f634aad296125bba7f359789ae74b8dbf1b0b46e43ea885ae9761e2d2e0edfc01537e92ec16e3f0d57f7ebd24e47888222dff00ac2d9e8f2067ec6e52f6b5cdb77efba46b86ed73416c1c241eed822fc95f13374cfd2a5e7dc4b48d8b5cde4411cc169f10af1d2d9a19cc455b2f7036e1fdcb780e5b588c0dddb78386ce1f1f25526a1c3bf0795b74767751b89a9bddb9e3ad273673f16f369fabe6b6f4a6a1fd8fdeb124ad7c94ad57732c471f3775b182f85cd0796fbeed3e4ef2473e0bce2bf4d926e91f3418caf84864db70dbb90d8f631a778a377a8e33f06f8a8b65702fc5e0b4d5e998e6dbc93edcb643b7de363dac9208c83de1bb93e6e3e0bd7094eceabd4dd65d1d64466393c993cdbd531c3ab806fdc4f0b40f069f0537e91a1eb3035e5db9c192acf27c1af64911fbc22cb57c58b649ff00159e1a715b3382b1bec22c9d22e3e0d7ca2377d84aef6b8c158c6652ce4191b8e3b233199b2346ed86cbf9c91487bb73bb9be3bedf92a24e7398d2f6fd28ff0018df8b3de1f72fa19a2b6429c6668e39abdbaf1bdf1c8d6be37b246876ce6bb911cd1e3053c5a4d65f3d78823977eebbf87d5ba830fc11c763da6a3761ecb70992368f08dff4dbe876f252fcbf4714e62f9b0b67d91e773ecb678e4ac4f831fce46ff38792afb278aca61ec9ab90ae6294b78d8e0e0f8a566fb7146f1c88f1ec23c115db1e4c33b85a35f3386d6d8ac962839d56ecd58f1579882e639ae0e64d1380d9cd6b8349e5bf881bf3aa2e53b98fb53d2bb0986cc0ee1923779f63d87bda7b8fff00c18ab72ce3ecd6bf55c5b629c8d9e223bcb3b587c9c3769f22aeebd89c1ea4a3524b95848d9608e6ad334f058844ac0f1d5c8de63b7b398f228ba23cc47f70a3a19a7af2b268259619a33bb2585ee8e469f2734eea6b87e90b2754c70e5e3f6d806cd33c41acb6c1c86e40d98edbd0f99efc65ba3bcbd4124d8b9d97a1682eea65da1b6076ecd23f16e3fa3f050921cd2e6b9a5ae6b8b5ed7021cd734ec5ae079ee3bd14fea619fa7d0542fd1c95582e5199b357981e17b796c41d8b5cd3cc11d8415b6aa4e8ef25357ccc98d2e26b64609640cdf936cd701c1e07896f103f01e0adb52d3c593c4aec44445a222202222022220222202222022220222202222022220222202c1595841466ab7716a4d407c2e70fe8c6c6a907466edb299a6f8e3eb9fd19dc3f5af4cb685d4b90cae5af452e31b15abb3cd109669b8fab71f7788362237dbcd75747e94cde072576d5d9293a19e88aedf669247bfac12b641b87b1bcb6dfbd433a98ef197aa63b38dd2558e3c9e26a83cabd17cc4783ac4bc3f7314b74247d5e96c39ef97daa73fed2c48570351e8ed4b9accdec845263595dfd4c75db2cd3093aa8a36b7de0d8c8049dcf6f7a98e9fa1631786c463ec3a333d5acd8e53112e8cbf72e3c25c01db9f8295d8eb6f16d6987135e617f08e2bdba166f73161f38e11ef4954edd6b3c796c1c3ea9f155012002e276681b93e0073dd7d1c40208201077041ec20f710ab51d1d59fc36d90c953f010bbd7f55c721b06b0fc68838787876dfddfa5d837ed3c8f1c8c336b45aaef684c31c5e19b666670dcca965b98386ce8e1dbf1311f803b9f3715b1ae23eb34c65cedb98fd9661fea588f7fb37524ecf8772e6e7a8d8c9e1f2b42b98c4f6ab3a288cc4b630fdc105c5a09dbd11d3d1aa74c2843de0f7f2536c2eb8b54ed622bdb7b8e1e0c753a13b1b134be29a285ac759040e32371cc6fd8790dc6c7cff006b9d527fc23123fdb58fff000ada8fa36c9baa3ccd7eb43906cd270b581f355922e5c049e16c8d776eff004bb9433b1d3353bd6165d6b74eec4c9ea5886c42e00b648246bdbcf9f6b4aaeba49bf8f99d8aa10c91c96eac93cd638087750d7b43046f23bdddbb7f07cc6f1eb1a2f595473f871a671bedd651b113daef47398ffe6acd6d11acac168fc1ccacd3dafb9660635bf16c45effe6a2fc992f7af4f4a3a4076edede2046de2363bab47466aead3568f1795b10c36ebed1d49640d8a29ebb5a03185dc9a1edeceedf9769df6d8c3681c6d2ab7599099f6ae5eacfab24b09742cad0bf6e26561b9209d86ee3ccedb720483c0c9746f9484b9f8bb90db8b9910db0209c0f00f68319f9351e298b2e2fca1684b3410c4f9e69638e16378df2caf6b636b76df88b9c76dbd550f9db556f6673172a8fdcf62dc924476e1e36f26f1ec79fbc4177aada7690d641c22385b2763b8e19aa3a3f43d6f0ae9d0e8f752da7b7db9d5b1f06fef93236cd8e1fe0323f737f8bfd0f622725af9b558ae99e8f284b673aebc01f67c6569789ff926c591d5b183cf87889f4f156f2d0c4e271f85a50d1a3196c51eee739e78a59a577d2965777b8f7fcb901b0df52ecc38fc3ae844445a2222022220222202222022220222202222022220222202222022220222202222022220222202222022220222202222022220222202222022220222202222022220ffd9);

--
-- Índices para tablas volcadas
--

--
-- Indices de la tabla `compra`
--
ALTER TABLE `compra`
  ADD PRIMARY KEY (`id`);

--
-- Indices de la tabla `detalle_compra`
--
ALTER TABLE `detalle_compra`
  ADD PRIMARY KEY (`id`);

--
-- Indices de la tabla `productos`
--
ALTER TABLE `productos`
  ADD PRIMARY KEY (`id`);

--
-- AUTO_INCREMENT de las tablas volcadas
--

--
-- AUTO_INCREMENT de la tabla `compra`
--
ALTER TABLE `compra`
  MODIFY `id` int(11) NOT NULL AUTO_INCREMENT, AUTO_INCREMENT=29;

--
-- AUTO_INCREMENT de la tabla `detalle_compra`
--
ALTER TABLE `detalle_compra`
  MODIFY `id` int(11) NOT NULL AUTO_INCREMENT, AUTO_INCREMENT=33;

--
-- AUTO_INCREMENT de la tabla `productos`
--
ALTER TABLE `productos`
  MODIFY `id` int(11) NOT NULL AUTO_INCREMENT, AUTO_INCREMENT=41;
COMMIT;

/*!40101 SET CHARACTER_SET_CLIENT=@OLD_CHARACTER_SET_CLIENT */;
/*!40101 SET CHARACTER_SET_RESULTS=@OLD_CHARACTER_SET_RESULTS */;
/*!40101 SET COLLATION_CONNECTION=@OLD_COLLATION_CONNECTION */;
